id,study_name,age_L1PRE,age_L1POST,age_L2PRE,age_L2POST,dob,sex,L1PRE_cdi_version,L1PRE_cdi_age,L1PRE_cdi_und_words,L1PRE_cdi_und_per,L1PRE_cdi_vocab,L1PRE_cdi_vocabper,id_L1PRE_peek,L1PRE_peek_datatype,L1PRE_peek_order,L1PRE_acc_3001800,L1PRE_acc_3001800n,L1PRE_acc_3001800sd,L1PRE_goodacc_3001800,L1PRE_nogoodacc_reason,L1PRE_drt,L1PRE_drtn,L1PRE_drtsd,L1PRE_gooddrt,L1PRE_nogooddrt_reason,L1POST_cdi_version,L1POST_cdi_age,L1POST_cdi_und_words,L1POST_cdi_und_per,L1POST_cdi_vocab,L1POST_cdi_vocabper,L1POST_peek_datatype,L1POST_peek_order,L1POST_acc_3001800,L1POST_acc_3001800n,L1POST_acc_3001800sd,L1POST_goodacc_3001800,L1POST_nogoodacc_reason,L1POST_drt,L1POST_drtn,L1POST_drtsd,L1POST_gooddrt,L1POST_nogooddrt_reason,id_L2PRE_peek,L2PRE_SPAN_peek_datatype,L2PRE_SPAN_peek_order,L2PRE_SPAN_acc_3001800,L2PRE_SPAN_acc_3001800n,L2PRE_SPAN_acc_3001800sd,L2PRE_SPAN_goodacc_3001800,L2PRE_SPAN_nogoodacc_reason,L2PRE_SPAN_drt,L2PRE_SPAN_drtn,L2PRE_SPAN_drtsd,L2PRE_SPAN_gooddrt,L2PRE_SPAN_nogooddrt_reason,
7334,habla1,19.7, , , ,7/31/11,1,wg,19,225,50,88,78,7334,hand,HABLA18-1; HABLA18-2,0.486861053,35,0.391311202,0.486861053, ,872.25,12,390.2659059,872.25, ,ws,25,-9,-9,175,31, , , , , ,0.63, , , , ,837.56, ,7334, , , , , , , , , , , , ,
7352,habla1,20.3, , , ,5/14/11,0,wg,20,100,12,19,22,7352,hand,HABLA18-1; HABLA18-2,0.804654386,20,0.272114249,0.804654386, ,896.125,8,419.9494655,896.125, ,ws,26,-9,-9,103,17, , , , , ,0.59, , , , ,841.67, ,7352, , , , , , , , , , , , ,
7355,habla1,18.8, , , ,6/24/11,1,wg,18,247,61,81,77,7355,hand,HABLA18-1; HABLA18-2,0.577197247,37,0.405870156,0.577197247, ,1250,8,311.1627962,1250, ,ws,26,-9,-9,403,67, , , , , ,0.66, , , , ,702, ,7355, , , , , , , , , , , , ,
7363,habla1,19.2, , , ,6/14/11,1,wg,19,182,39,37,23,7363,hand,HABLA18-1; HABLA18-2,0.548806403,40,0.378111729,0.548806403, ,1073.4,10,157.7904377,1073.4, ,ws,27,-9,-9,205,23, , , , , ,0.7, , , , ,715.6, ,7363, , , , , , , , , , , , ,
7423,habla1,18.1, , , ,9/9/11,1,wg,18,113,16,105,80,7423,hand,HABLA18-1; HABLA18-2,0.736216723,35,0.284352658,0.736216723, ,966.6923077,13,293.7372365,966.6923077, ,ws,25,-9,-9,456,78, , , , , ,0.67, , , , ,772.9, ,7423, , , , , , , , , , , , ,
7433,habla1,18.2, , , ,9/6/11,0,wg,18,278,74,96,83,7433,hand,HABLA18-1; HABLA18-2,0.707992795,41,0.315603433,0.707992795, ,724.0555556,18,356.2006163,724.0555556, ,ws,27,-9,-9,535,87, , , , , ,0.7, , , , ,713.3, ,7433, , , , , , , , , , , , ,
7457,habla1,20.2, , , ,9/17/11,1,wg,20,231,52,40,24,7457,hand,HABLA18-1; HABLA18-2,0.688384643,23,0.306490011,0.688384643, ,900,8,228.3343413,900, ,ws,25,-9,-9,414,74, , , , , ,0.72, , , , ,577.71, ,7457, , , , , , , , , , , , ,
7473,habla1,19, , , ,8/12/11,0,wg,19,273,73,85,81,7473,hand,HABLA18-1; HABLA18-2,0.55742928,32,0.377488523,0.55742928, ,1037.235294,17,445.872113,1037.235294, ,ws,25,-9,-9,180,40, , , , , ,0.63, , , , ,573.6, ,7473, , , , , , , , , , , , ,
7587,habla1,20, , , ,1/4/12,1,wg,20,324,87,286,99,7587,hand,HABLA18-1; HABLA18-2,0.63245336,55,0.293207742,0.63245336, ,790.0740741,27,349.599763,790.0740741, ,ws,25,-9,-9,675,99, , , , , ,0.63, , , , ,697.17, ,7587, , , , , , , , , , , , ,
7660,habla1,17.7, , , ,2/13/12,1,wg,17,227,63,90,81,7660,hand,HABLA18-1; HABLA18-2,0.517031312,27,0.357892286,0.517031312, ,641.75,8,265.4348185,641.75, ,ws,26,-9,-9,394,66, , , , , ,0.76, , , , ,613.28, ,7660, , , , , , , , , , , , ,
7692,habla1,17.9, , , ,3/1/12,0,wg,18,294,77,32,40,7692,hand,HABLA18-1; HABLA18-2,0.639330331,45,0.404938036,0.639330331, ,827.75,12,287.3360798,827.75, ,ws,25,-9,-9,290,61, , , , , ,0.72, , , , ,741.4, ,7692, , , , , , , , , , , , ,
7735,habla1,20.1, , , ,4/10/12,0,wg,20,227,47,32,40,7735,hand,HABLA18-1; HABLA18-2,0.56363452,51,0.363529338,0.56363452, ,957.9130435,23,344.99709,957.9130435, ,ws,26,-9,-9,79,14, , , , , ,0.53, , , , ,962.94, ,7735, , , , , , , , , , , , ,
7739,habla1,18.4, , , ,5/1/12,1,wg,18,150,28,60,65,7739,hand,HABLA18-1; HABLA18-2,0.697731281,32,0.294011208,0.697731281, ,770.75,16,307.0746923,770.75, ,ws,25,-9,-9,364,67, , , , , ,0.77, , , , ,565.24, ,7739, , , , , , , , , , , , ,
7744,habla1,18.7, , , ,4/16/12,1,wg,18,235,53,109,81,7744,hand,HABLA18-1; HABLA18-2,0.601839018,48,0.356282795,0.601839018, ,962.5,16,372.5220351,962.5, ,ws,25,-9,-9,384,70, , , , , ,0.5, , , , ,815.29, ,7744, , , , , , , , , , , , ,
7746,habla1,18.6, , , ,5/22/12,1,wg,18,183,40,43,30,7746,hand,HABLA18-1; HABLA18-2,0.701885778,35,0.438034885,0.701885778, ,833,1,0,-9,only 1 trial,ws,25,-9,-9,331,62, , , , , ,0.68, , , , ,815.53, ,7746, , , , , , , , , , , , ,
7770,habla1,18.7, , , ,4/19/12,0,wg,19,182,29,162,91,7770,hand,HABLA18-1; HABLA18-2,0.663183043,64,0.386992963,0.663183043, ,943.2,20,235.7455363,943.2, ,ws,26,-9,-9,371,67, , , , , ,0.59, , , , ,874.18, ,7770, , , , , , , , , , , , ,
7780,habla1,18.3, , , ,5/4/12,0,wg,18,227,74,65,77,7780,hand,HABLA18-1; HABLA18-2,0.519007499,40,0.40354708,0.519007499, ,1035.846154,13,320.3653763,1035.846154, ,ws,26,-9,-9,256,49, , , , , ,0.61, , , , ,837.61, ,7780, , , , , , , , , , , , ,
7782,habla1,18.2, , , ,5/3/12,1,wg,18,422,99,87,78,7782,hand,HABLA18-1; HABLA18-2,0.564573708,47,0.426166501,0.564573708, ,1170,10,350.7981376,1170, ,ws,25,-9,-9,255,48, , , , , ,0.56, , , , ,984.47, ,7782, , , , , , , , , , , , ,
7789,habla1,19.6, , , ,4/21/12,1,wg,19,101,10,84,77,7789,hand,HABLA18-1; HABLA18-2,0.578009521,34,0.299637974,0.578009521, ,923.1538462,13,379.2547179,923.1538462, ,ws,25,-9,-9,367,68, , , , , ,0.64, , , , ,880.5, ,7789, , , , , , , , , , , , ,
7795,habla1,18.6, , , ,4/18/12,0,wg,18,141,20,16,20,7795,hand,HABLA18-1; HABLA18-2,0.561301692,34,0.316156206,0.561301692, ,746.6,10,219.1443968,746.6, ,ws,25,-9,-9,59,12, , , , , ,0.69, , , , ,578.47, ,7795, , , , , , , , , , , , ,
7812,habla1,19.2, , , ,4/15/12,0,wg,19,116,14,27,32,7812,hand,HABLA18-1; HABLA18-2,0.597502496,53,0.314713838,0.597502496, ,922.2380952,21,322.4433136,922.2380952, ,ws,25,-9,-9,149,33, , , , , ,0.57, , , , ,670.75, ,7812, , , , , , , , , , , , ,
7817,habla1,18.1, , , ,5/8/12,1,wg,18,120,17,54,49,7817,hand,HABLA18-1; HABLA18-2,0.665657358,34,0.42667973,0.665657358, ,805.5,6,302.0879011,805.5, ,ws,26,-9,-9,372,62, , , , , ,-9, , , , ,-9, ,7817, , , , , , , , , , , , ,
7878,habla1,18, , , ,8/21/12,0,wg,18,96,11,0,5,7878,hand,HABLA18-1; HABLA18-2,0.576294228,40,0.319180812,0.576294228, ,962.5625,16,266.4302207,962.5625, ,ws,25,-9,-9,126,27, , , , , ,0.69, , , , ,711.03, ,7878, , , , , , , , , , , , ,
7881,habla1,19.3, , , ,6/8/12,0,wg,19,99,11,8,14,7881,hand,HABLA18-1; HABLA18-2,0.47968194,33,0.447772133,0.47968194, ,933.25,4,430.288566,933.25, ,ws,25,-9,-9,144,32, , , , , ,0.49, , , , ,1057.44, ,7881, , , , , , , , , , , , ,
7886,habla1,19.3, , , ,6/6/12,1,wg,19,428,99,280,99,7886,hand,HABLA18-1; HABLA18-2,0.814596994,26,0.178788519,0.814596994, ,704.7857143,14,197.2659971,704.7857143, ,ws,25,-9,-9,625,94, , , , , ,0.76, , , , ,647.17, ,7886, , , , , , , , , , , , ,
7908,habla1,19.1, , , ,6/14/12,1,wg,19,284,76,89,78,7908,hand,HABLA18-1; HABLA18-2,0.641035258,21,0.35803235,0.641035258, ,947.7142857,7,554.1088083,947.7142857, ,ws,25,-9,-9,333,62, , , , , ,0.67, , , , ,628.77, ,7908, , , , , , , , , , , , ,
7912,habla1,19.9, , , ,8/25/12,1,wg,20,202,44,125,82,7912,hand,HABLA18-1; HABLA18-2,0.678350999,52,0.287635043,0.678350999, ,726.0869565,23,325.909345,726.0869565, ,ws,25,-9,-9,338,63, , , , , ,0.8, , , , ,633.38, ,7912, , , , , , , , , , , , ,
7920,habla1,18.9, , , ,6/19/12,0,wg,19,212,37,24,28,7920,hand,HABLA18-1; HABLA18-2,0.631729413,46,0.33640896,0.631729413, ,749.0666667,15,309.7873618,749.0666667, ,ws,25,-9,-9,197,45, , , , , ,0.79, , , , ,615.92, ,7920, , , , , , , , , , , , ,
7938,habla1,19.1, , , ,7/13/12,1,wg,19,170,36,46,40,7938,hand,HABLA18-1; HABLA18-2,0.62976147,56,0.30174587,0.62976147, ,777.4193548,31,285.7139332,777.4193548, ,ws,25,-9,-9,165,28, , , , , ,0.74, , , , ,633.33, ,7938, , , , , , , , , , , , ,
7963,habla1,19.6, , , ,9/26/12,0,wg,19,208,35,107,85,7963,hand,HABLA18-1; HABLA18-2,0.548012912,45,0.456417343,0.548012912, ,1233.3,10,341.2903782,1233.3, ,ws,25,-9,-9,199,46, , , , , ,0.67, , , , ,720.79, ,7963, , , , , , , , , , , , ,
8007,habla1,19.7, , , ,9/25/12,1,wg,20,398,97,94,79,8007,hand,HABLA18-1; HABLA18-2,0.720615278,42,0.258752725,0.720615278, ,710.4736842,19,296.52363,710.4736842, ,ws,26,-9,-9,575,87, , , , , ,0.56, , , , ,672.53, ,8007, , , , , , , , , , , , ,
8022,habla1,19.4, , , ,9/22/12,1,wg,19,321,87,72,75,8022,hand,HABLA18-1; HABLA18-2,0.792766856,47,0.184063262,0.792766856, ,521.5294118,17,145.208091,521.5294118, ,ws,25,-9,-9,404,72, , , , , ,0.59, , , , ,609.82, ,8022, , , , , , , , , , , , ,
8048,habla1,19.2, , , ,11/29/12,1,wg,19,193,42,61,68,8048,hand,HABLA18-1; HABLA18-2,0.745714848,46,0.277798895,0.745714848, ,790.6111111,18,205.8512138,790.6111111, ,ws,26,-9,-9,357,59, , , , , ,0.73, , , , ,542.86, ,8048, , , , , , , , , , , , ,
8050,habla1,19.5, , , ,11/15/12,0,wg,20,383,93,0,5,8050,hand,HABLA18-1; HABLA18-2,0.665358045,63,0.293535746,0.665358045, ,883.8709677,31,275.2510057,883.8709677, ,ws,26,-9,-9,187,35, , , , , ,0.76, , , , ,673.04, ,8050, , , , , , , , , , , , ,
8058,habla1,19.2, , , ,11/4/12,0,wg,19,54,1,15,19,8058,hand,HABLA18-1; HABLA18-2,0.537705792,45,0.451941071,0.537705792, ,1123.857143,7,424.5901665,1123.857143, ,ws,25,-9,-9,189,43, , , , , ,0.6, , , , ,993.27, ,8058, , , , , , , , , , , , ,
8077,habla1,19, , , ,10/27/12,1,wg,19,107,13,27,19,8077,hand,HABLA18-1; HABLA18-2,0.613314554,34,0.301787662,0.613314554, ,910,10,397.3431207,910, ,ws,25,-9,-9,106,17, , , , , ,0.64, , , , ,860.76, ,8077, , , , , , , , , , , , ,
8083,habla1,18, , , ,11/14/12,1,wg,18,188,41,168,87,8083,hand,HABLA18-1; HABLA18-2,0.604551666,55,0.340821322,0.604551666, ,700.0526316,19,290.1894924,700.0526316, ,ws,25,-9,-9,482,80, , , , , ,0.73, , , , ,592.36, ,8083, , , , , , , , , , , , ,
8085,habla1,19.6, , , ,11/18/12,0,wg,19.6,272,73,64,76,8085,hand,HABLA18-1; HABLA18-2,0.495118336,43,0.395926018,0.495118336, ,1075.636364,11,458.6482907,1075.636364, ,ws,26,-9,-9,274,51, , , , , ,0.86, , , , ,654.1, ,8085, , , , , , , , , , , , ,
8088,habla1,19.2, , , ,11/20/12,0,wg,19,301,79,173,92,8088,hand,HABLA18-1; HABLA18-2,0.655569106,49,0.333234818,0.655569106, ,784.2941176,17,295.0666799,784.2941176, ,ws,26,-9,-9,473,83, , , , , ,0.72, , , , ,748.19, ,8088, , , , , , , , , , , , ,
8089,habla1,19.2, , , ,10/12/12,0,wg,19,175,27,19,22,8089,hand,HABLA18-1; HABLA18-2,0.686273741,45,0.32329087,0.686273741, ,812.0909091,11,235.8844864,812.0909091, ,ws,25,-9,-9,108,22, , , , , ,0.58, , , , ,457.14, ,8089, , , , , , , , , , , , ,
8098,habla1,18, , , ,11/20/12,0,wg,19,25,1,2,11,8098,hand,HABLA18-1; HABLA18-2,0.573149137,30,0.412937511,0.573149137, ,1186.6,5,413.9955314,1186.6, ,ws,24,-9,-9,34,9, , , , , ,0.61, , , , ,864.47, ,8098, , , , , , , , , , , , ,
8112,habla1,19.2, , , ,11/7/12,0,wg,19,158,24,11,15,8112,hand,HABLA18-1; HABLA18-2,0.486783783,48,0.392894735,0.486783783, ,987.1538462,13,496.7775904,987.1538462, ,ws,25,-9,-9,80,17, , , , , ,0.55, , , , ,956.31, ,8112, , , , , , , , , , , , ,
8115,habla1,19.4, , , ,10/4/12,1,wg,19,92,10,0,5,8115,hand,HABLA18-1; HABLA18-2,0.590303074,28,0.373782426,0.590303074, ,1016.8,10,453.6192236,1016.8, ,ws,25,-9,-9,105,17, , , , , ,0.65, , , , ,716.63, ,8115, , , , , , , , , , , , ,
8130,habla1,19.8, , , ,10/17/12,0,wg,20,300,78,5,12,8130,hand,HABLA18-1; HABLA18-2,0.732614008,45,0.284279027,0.732614008, ,787.4375,16,255.8165928,787.4375, ,ws,25,-9,-9,160,36, , , , , ,0.68, , , , ,677.08, ,8130, , , , , , , , , , , , ,
8144,habla1,19.9, , , ,1/12/13,1,wg,20,325,88,89,78,8144,hand,HABLA18-1; HABLA18-2,0.645280068,48,0.250291367,0.645280068, ,733.3333333,27,282.9817879,733.3333333, ,ws,26,-9,-9,475,76, , , , , ,0.68, , , , ,587.44, ,8144, , , , , , , , , , , , ,
8152,habla1,19, , , ,6/21/13,0,wg,19,424,99,25,29,8152,hand,HABLA18-1; HABLA18-2,0.716026383,56,0.313885102,0.716026383, ,955.6111111,18,243.1010777,955.6111111, ,ws,26,-9,-9,618,98, , , , , ,0.75, , , , ,676.92, ,8152, , , , , , , , , , , , ,
8161,habla1,17.7, , , ,8/6/13,0,wg,18,251,62,10,15,8161,hand,HABLA18-1; HABLA18-2,0.516494025,50,0.407410866,0.516494025, ,1114.722222,18,348.90582,1114.722222, ,ws,24,-9,-9,230,56, , , , , ,0.69, , , , ,834.95, ,8161, , , , , , , , , , , , ,
8165,habla1,19.3, , , ,6/14/13,0,wg,19,417,97,63,76,8165,hand,HABLA18-1; HABLA18-2,0.672868735,45,0.369112426,0.672868735, ,951.3846154,13,386.3251089,951.3846154, ,ws,26,-9,-9,331,60, , , , , ,0.73, , , , ,563.78, ,8165, , , , , , , , , , , , ,
8174,habla1,18.3, , , ,7/21/13,1,wg,18,215,48,49,46,8174,hand,HABLA18-1; HABLA18-2,0.773666219,44,0.268029311,0.773666219, ,677.0625,16,294.2945166,677.0625, ,ws,25,-9,-9,225,43, , , , , ,0.55, , , , ,633.23, ,8174, , , , , , , , , , , , ,
8178,habla1,18.2, , , ,7/18/13,0,wg,18,108,13,5,12,8178,hand,HABLA18-1; HABLA18-2,0.425783523,22,0.306718643,0.425783523, ,961.8571429,7,437.0852047,961.8571429, ,ws,25,-9,-9,47,10, , , , , ,0.57, , , , ,1111, ,8178, , , , , , , , , , , , ,
8195,habla1,18.7, , , ,7/17/13,0,wg,18,158,24,158,91,8195,hand,HABLA18-1; HABLA18-2,0.474245961,40,0.402779655,0.474245961, ,1303.090909,11,332.5968895,1303.090909, ,ws,25,-9,-9,385,76, , , , , ,0.64, , , , ,791.32, ,8195, , , , , , , , , , , , ,
8208,habla1,19, , , ,7/6/13,1,wg,18,311,86,159,86,8208,hand,HABLA18-1; HABLA18-2,0.644370729,45,0.368336721,0.644370729, ,764.8235294,17,391.6958698,764.8235294, ,ws,25,-9,-9,453,78, , , , , ,0.77, , , , ,730.73, ,8208, , , , , , , , , , , , ,
8217,habla1,19.8, , , ,3/5/13,1,wg,19,182,39,65,72,8217,hand,HABLA18-1; HABLA18-2,0.73391223,47,0.315813302,0.73391223, ,754.6,25,314.8122456,754.6, ,ws,25,-9,-9,555,88, , , , , ,0.78, , , , ,615.5, ,8217, , , , , , , , , , , , ,
8235,habla1,18.1, , , ,4/16/13,1,wg,18,114,16,6,13,8235,hand,HABLA18-1; HABLA18-2,0.433907781,34,0.337404941,0.433907781, ,959.4285714,14,285.2320821,959.4285714, ,ws,25,-9,-9,42,1, , , , , ,0.74, , , , ,553.95, ,8235, , , , , , , , , , , , ,
8240,habla1,18.6, , , ,4/5/13,1,wg,18,235,53,17,17,8240,hand,HABLA18-1; HABLA18-2,0.583434065,48,0.399952174,0.583434065, ,1160,10,354.7004996,1160, ,ws,25,-9,-9,353,66, , , , , ,0.75, , , , ,555.92, ,8240, , , , , , , , , , , , ,
8250,habla1,18.2, , , ,4/18/13,1,wg,18,50,1,4,11,8250,hand,HABLA18-1; HABLA18-2,0.479720299,19,0.452265189,0.479720299, ,667,1,0,-9,only 1 trial,ws,26,-9,-9,174,24, , , , , ,0.59, , , , ,1047.43, ,8250, , , , , , , , , , , , ,
8259,habla1,19.2, , , ,2/23/13,1,wg,19,372,93,321,99,8259,hand,HABLA18-1; HABLA18-2,0.660608291,61,0.300236612,0.660608291, ,838.6451613,31,274.1313005,838.6451613, ,ws,25,-9,-9,670,99, , , , , ,0.62, , , , ,590.52, ,8259, , , , , , , , , , , , ,
8261,habla1,18, , , ,4/23/13,1,wg,18,97,10,5,12,8261,hand,HABLA18-1; HABLA18-2,0.591239019,30,0.431434362,0.591239019, ,789,3,283.6600078,789, ,ws,25,-9,-9,83,13, , , , , ,0.59, , , , ,768.65, ,8261, , , , , , , , , , , , ,
8268,habla1,19.4, , , ,2/4/13,0,wg,19,234,49,56,73,8268,hand,HABLA18-1; HABLA18-2,0.616160962,39,0.29315813,0.616160962, ,918.5,18,374.6682062,918.5, ,ws,27,-9,-9,119,17, , , , , ,0.69, , , , ,502.67, ,8268, , , , , , , , , , , , ,
8276,habla1,18, , , ,7/29/13,0,wg,18,288,76,5,12,8276,hand,HABLA18-1; HABLA18-2,0.668341949,54,0.271531461,0.668341949, ,822.6,25,351.5922117,822.6, ,ws,-9,-9,-9,-9,-9, , , , , ,-9, , , , ,-9, ,8276, , , , , , , , , , , , ,
8283,habla1,18.5, , , ,4/4/13,1,wg,18,159,33,23,18,8283,hand,HABLA18-1; HABLA18-2,0.576343701,38,0.302914714,0.576343701, ,871.65,20,287.261164,871.65, ,ws,25,-9,-9,169,29, , , , , ,0.71, , , , ,635.18, ,8283, , , , , , , , , , , , ,
8293,habla1,19.7, , , ,6/15/13,0,wg,20,227,47,62,76,8293,hand,HABLA18-1; HABLA18-2,0.458833778,35,0.335447485,0.458833778, ,1108.866667,15,271.4013545,1108.866667, ,ws,26,-9,-9,254,48, , , , , ,0.48, , , , ,1007.07, ,8293, , , , , , , , , , , , ,
8299,habla1,19.5, , , ,3/19/13,1,wg,19,74,8,26,19,8299,hand,HABLA18-1; HABLA18-2,0.638264549,61,0.296300951,0.638264549, ,841.1904762,21,271.945145,841.1904762, ,ws,26,-9,-9,307,51, , , , , ,0.65, , , , ,892.56, ,8299, , , , , , , , , , , , ,
8308,habla1,18.5, , , ,7/30/13,1,wg,18,190,41,19,18,8308,hand,HABLA18-1; HABLA18-2,0.38826908,9,0.40292983,-9,low # trials: originally hand-coded,1093.2,5,542.850532,-9,no good acc,ws,24,-9,-9,128,25, , , , , ,0.63, , , , ,940.1, ,8308, , , , , , , , , , , , ,
8325,habla1,17.7, , , ,8/14/13,0,wg,17,151,29,3,13,8325,hand,HABLA18-1; HABLA18-2,0.414252328,25,0.485465458,0.414252328, ,-9,-9,-9,-9,not enough RT trials,ws,24,-9,-9,123,32, , , , , ,0.53, , , , ,1200, ,8325, , , , , , , , , , , , ,
12,habla,-9,-9, , ,6/22/14,1,missing,-9,-9,-9,-9,-9,12,none,none,-9,-9,-9,-9,no testing,-9,-9,-9,-9,no testing,not applicable,-9,-9,-9,-9,-9,none,none,-9,-9,-9,-9,no testing,-9,-9,-9,-9,no testing,12, , , , , , , , , , , , ,
13,habla,-9,-9, , ,9/7/14,1,missing,-9,-9,-9,-9,-9,13,none,none,-9,-9,-9,-9,no testing,-9,-9,-9,-9,no testing,not applicable,-9,-9,-9,-9,-9,none,none,-9,-9,-9,-9,no testing,-9,-9,-9,-9,no testing,13, , , , , , , , , , , , ,
24,habla,-9,-9, , ,9/3/14,1,missing,-9,-9,-9,-9,-9,24,none,none,-9,-9,-9,-9,no testing,-9,-9,-9,-9,no testing,not applicable,-9,-9,-9,-9,-9,none,none,-9,-9,-9,-9,no testing,-9,-9,-9,-9,no testing,24, , , , , , , , , , , , ,
3,habla,-9,-9, , ,10/24/14,0,missing,-9,-9,-9,-9,-9,3,none,none,-9,-9,-9,-9,no testing,-9,-9,-9,-9,no testing,not applicable,-9,-9,-9,-9,-9,none,none,-9,-9,-9,-9,no testing,-9,-9,-9,-9,no testing,3, , , , , , , , , , , , ,
11,habla,-9,-9, , ,9/22/14,1,missing,-9,-9,-9,-9,-9,11,none,none,-9,-9,-9,-9,no testing,-9,-9,-9,-9,no testing,not applicable,-9,-9,-9,-9,-9,none,none,-9,-9,-9,-9,no testing,-9,-9,-9,-9,no testing,11, , , , , , , , , , , , ,
43,habla,-9,-9, , ,8/26/14,0,missing,-9,-9,-9,-9,-9,43,none,none,-9,-9,-9,-9,no testing,-9,-9,-9,-9,no testing,not applicable,-9,-9,-9,-9,-9,none,none,-9,-9,-9,-9,no testing,-9,-9,-9,-9,no testing,43, , , , , , , , , , , , ,
48,habla,-9,-9, , ,8/28/14,1,missing,-9,-9,-9,-9,-9,48,none,none,-9,-9,-9,-9,no testing,-9,-9,-9,-9,no testing,not applicable,-9,-9,-9,-9,-9,none,none,-9,-9,-9,-9,no testing,-9,-9,-9,-9,no testing,48, , , , , , , , , , , , ,
51,habla,-9,-9, , ,11/10/14,0,missing,-9,-9,-9,-9,-9,51,none,none,-9,-9,-9,-9,no testing,-9,-9,-9,-9,no testing,not applicable,-9,-9,-9,-9,-9,none,none,-9,-9,-9,-9,no testing,-9,-9,-9,-9,no testing,51, , , , , , , , , , , , ,
52,habla,-9,-9, , ,11/15/14,1,missing,-9,-9,-9,-9,-9,52,none,none,-9,-9,-9,-9,no testing,-9,-9,-9,-9,no testing,not applicable,-9,-9,-9,-9,-9,none,none,-9,-9,-9,-9,no testing,-9,-9,-9,-9,no testing,52, , , , , , , , , , , , ,
78,habla,-9,-9, , ,12/17/14,0,missing,-9,-9,-9,-9,-9,78,none,none,-9,-9,-9,-9,no testing,-9,-9,-9,-9,no testing,not applicable,-9,-9,-9,-9,-9,none,none,-9,-9,-9,-9,no testing,-9,-9,-9,-9,no testing,78, , , , , , , , , , , , ,
119,habla,18.5,-9, , ,1/30/15,0,wg,18,426,99,63,76,119,tobii,HABLA48T_18-1,0.634900322,17,0.427683721,0.634900322, ,850,3,417.4793408,850, ,not applicable,-9,-9,-9,-9,-9,none,none,-9,-9,-9,-9,no testing,-9,-9,-9,-9,no testing,119, , , , , , , , , , , , ,
159,habla,18.8,-9, , ,1/22/15,1,wg,19,92,10,45,38,159,tobii,HABLA48T_18-1,0.715389734,29,0.255322843,0.715389734, ,863.5454545,11,219.0723002,863.5454545, ,not applicable,-9,-9,-9,-9,-9,none,none,-9,-9,-9,-9,no testing,-9,-9,-9,-9,no testing,159, , , , , , , , , , , , ,
165,habla,18.8,-9, , ,1/30/15,1,wg,19,61,6,1,7,165,tobii,HABLA48T_18-1,-9,-9,-9,-9,low # trials,-9,-9,-9,-9,no testing,not applicable,-9,-9,-9,-9,-9,none,none,-9,-9,-9,-9,no testing,-9,-9,-9,-9,no testing,165, , , , , , , , , , , , ,
100,habla,21.2,-9, , ,2/27/15,1,missing,-9,-9,-9,-9,-9,100,tobii,HABLA48T_18-1,0.670840671,24,0.243226943,0.670840671, ,1094.333333,9,260.3737698,1094.333333, ,not applicable,-9,-9,-9,-9,-9,none,none,-9,-9,-9,-9,no testing,-9,-9,-9,-9,no testing,100, , , , , , , , , , , , ,
110,habla,20,-9, , ,4/16/15,0,wg,21,111,13,41,47,110,tobii,HABLA48T_18-1,0.637493111,18,0.327984294,0.637493111, ,533.6666667,3,225.4624876,533.6666667, ,not applicable,-9,-9,-9,-9,-9,none,none,-9,-9,-9,-9,no testing,-9,-9,-9,-9,no testing,110, , , , , , , , , , , , ,
152,habla,19.5,-9, , ,5/1/15,0,missing,-9,-9,-9,-9,-9,152,tobii,HABLA48T_18-1,0.586346605,28,0.410776779,0.586346605, ,1171.428571,7,483.8804457,1171.428571, ,not applicable,-9,-9,-9,-9,-9,none,none,-9,-9,-9,-9,no testing,-9,-9,-9,-9,no testing,152, , , , , , , , , , , , ,
154,habla,20,-9, , ,3/29/15,0,wg,21,153,23,4,12,154,tobii,HABLA48T_18-1,0.541224369,19,0.335442589,0.541224369, ,866.625,8,500.6900774,866.625, ,not applicable,-9,-9,-9,-9,-9,none,none,-9,-9,-9,-9,no testing,-9,-9,-9,-9,no testing,154, , , , , , , , , , , , ,
195,habla,18.1,-9, , ,9/16/15,0,missing,-9,-9,-9,-9,-9,195,tobii,HABLA48T_18-1,0.662542313,30,0.348864244,0.662542313, ,922.1666667,6,109.6529373,922.1666667, ,not applicable,-9,-9,-9,-9,-9,none,none,-9,-9,-9,-9,no testing,-9,-9,-9,-9,no testing,195, , , , , , , , , , , , ,
241,habla,15.4,-9, , ,5/28/16,1,wg,15,29,8,29,71,241,tobii,HABLA48T_18-1,-9,-9,-9,-9,vision issue,-9,-9,-9,-9,vission issue,not applicable,-9,-9,-9,-9,-9,none,none,-9,-9,-9,-9,no testing,-9,-9,-9,-9,no testing,241, , , , , , , , , , , , ,
273,habla,16.9,-9, , ,5/12/16,0,ws,16,-9,-9,19,25,273,tobii,HABLA48T_18-1,0.551880704,31,0.4637506,0.551880704, ,1355.666667,3,208.5577458,1355.666667, ,not applicable,-9,-9,-9,-9,-9,none,none,-9,-9,-9,-9,no testing,-9,-9,-9,-9,no testing,273, , , , , , , , , , , , ,
274,habla,15.2,-9, , ,6/29/16,0,missing,-9,-9,-9,-9,-9,274,tobii,HABLA48T_18-1,0.802631579,6,0.400051936,-9,low # trials,533,1, ,-9,no good acc,not applicable,-9,-9,-9,-9,-9,none,none,-9,-9,-9,-9,no testing,-9,-9,-9,-9,no testing,274, , , , , , , , , , , , ,
276,habla,19.2,-9, , ,2/29/16,1,ws,20,-9,-9,14,0,276,tobii,HABLA48T_18-1,0.53997464,15, ,0.53997464, ,925,2,59.39696962,925, ,not applicable,-9,-9,-9,-9,-9,none,none,-9,-9,-9,-9,no testing,-9,-9,-9,-9,no testing,276, , , , , , , , , , , , ,
280,habla,18.5,-9, , ,4/7/16,0,ws,18,-9,-9,77,61,280,tobii,HABLA48T_18-1,0.636413462,26,0.38034543,0.636413462, ,934.9090909,11,420.1317542,934.9090909, ,not applicable,-9,-9,-9,-9,-9,none,none,-9,-9,-9,-9,no testing,-9,-9,-9,-9,no testing,280, , , , , , , , , , , , ,
305,habla,15.7,-9, , ,10/11/16,1,missing,-9,-9,-9,-9,-9,305,tobii,HABLA48T_18-1,-9,-9,-9,-9,tobii script not working. No hand-coding since dropped.,-9,-9,-9,-9,Tobii script not working. No hand-coding since dropped.,not applicable,-9,-9,-9,-9,-9,none,none,-9,-9,-9,-9,no testing,-9,-9,-9,-9,no testing,305, , , , , , , , , , , , ,
315,habla,20.4,-9, , ,5/11/16,1,missing,-9,-9,-9,-9,-9,315,tobii,HABLA48T_18-1,-9,-9,-9,-9,tobii script not working. No hand-coding since dropped.,-9,-9,-9,-9,Tobii script not working. No hand-coding since dropped.,not applicable,-9,-9,-9,-9,-9,none,none,-9,-9,-9,-9,no testing,-9,-9,-9,-9,no testing,315, , , , , , , , , , , , ,
320,habla,15.2,-9, , ,10/23/16,0,missing,-9,-9,-9,-9,-9,320,tobii,HABLA48T_18-1,-9,-9,-9,-9,tobii script not working. No hand-coding since dropped.,-9,-9,-9,-9,Tobii script not working. No hand-coding since dropped.,not applicable,-9,-9,-9,-9,-9,none,none,-9,-9,-9,-9,no testing,-9,-9,-9,-9,no testing,320, , , , , , , , , , , , ,
321,habla,19.6,-9, , ,6/10/16,1,missing,-9,-9,-9,-9,-9,321,tobii,HABLA48T_18-1,-9,-9,-9,-9,tobii script not working. No hand-coding since dropped.,-9,-9,-9,-9,Tobii script not working. No hand-coding since dropped.,not applicable,-9,-9,-9,-9,-9,none,none,-9,-9,-9,-9,no testing,-9,-9,-9,-9,no testing,321, , , , , , , , , , , , ,
319,habla,16,-9, , ,11/24/16,1,ws,16,-9,-9,21,27,319,tobii,HABLA48T_18-1_Clips,0.26683236,7,0.294856979,-9,low # trials,1216.6,5,313.7320513,-9,no good acc,not applicable,-9,-9,-9,-9,-9,none,none,-9,-9,-9,-9,no testing,-9,-9,-9,-9,no testing,319, , , , , , , , , , , , ,
338,habla,17.3,-9, , ,10/24/16,1,ws,17,-9,-9,28,29,338,tobii,HABLA48T_18-1_Clips,-9,-9,-9,-9,not codable,-9,-9,-9,-9,not codable,not applicable,-9,-9,-9,-9,-9,none,none,-9,-9,-9,-9,no testing,-9,-9,-9,-9,no testing,338, , , , , , , , , , , , ,
344,habla,14.9,-9, , ,1/9/17,1,wg,15,193,66,9,38,344,tobii,HABLA48T_18-1_Clips,0.728259938,17,0.288626437,0.728259938, ,859.1111111,9,350.5647032,859.1111111, ,not applicable,-9,-9,-9,-9,-9,none,none,-9,-9,-9,-9,no testing,-9,-9,-9,-9,no testing,344, , , , , , , , , , , , ,
345,habla,18.2,-9, , ,10/8/16,0,missing,-9,-9,-9,-9,-9,345,tobii,HABLA48T_18-1_Clips,0.537720715,26,0.412534215,0.537720715, ,1163.2,5,434.6506643,1163.2, ,not applicable,-9,-9,-9,-9,-9,none,none,-9,-9,-9,-9,no testing,-9,-9,-9,-9,no testing,345, , , , , , , , , , , , ,
339,habla,-9,-9, , ,11/4/16,1,missing,-9,-9,-9,-9,-9,339,none,none,-9,-9,-9,-9,no testing,-9,-9,-9,-9,no testing,not applicable,-9,-9,-9,-9,-9,none,none,-9,-9,-9,-9,no testing,-9,-9,-9,-9,no testing,339, , , , , , , , , , , , ,
429,habla,16.2,-9, , ,9/12/17,0,missing,-9,-9,-9,-9,-9,429,none,HABLA48T_18-1_Clips,0.55974026,7,0.450484074,-9,low # trials,975,2,554.3717165,-9,no good acc,not applicable,-9,-9,-9,-9,-9,none,none,-9,-9,-9,-9,no testing,-9,-9,-9,-9,no testing,429, , , , , , , , , , , , ,
2,habla,-9,-9,-9, ,8/7/14,1,missing,-9,-9,-9,-9,-9,2,none,none,-9,-9,-9,-9,no testing,-9,-9,-9,-9,no testing,not applicable,-9,-9,-9,-9,-9,none,none,-9,-9,-9,-9,no testing,-9,-9,-9,-9,no testing,2,not applicable,not applicable,-9,-9,-9,-9,no testing,-9,-9,-9,-9,no testing,
20,habla,-9,-9,-9, ,8/26/14,1,missing,-9,-9,-9,-9,-9,20,none,none,-9,-9,-9,-9,no testing,-9,-9,-9,-9,no testing,not applicable,-9,-9,-9,-9,-9,none,none,-9,-9,-9,-9,no testing,-9,-9,-9,-9,no testing,20,not applicable,not applicable,-9,-9,-9,-9,no testing,-9,-9,-9,-9,no testing,
21,habla,-9,-9,-9, ,10/3/14,1,missing,-9,-9,-9,-9,-9,21,none,none,-9,-9,-9,-9,no testing,-9,-9,-9,-9,no testing,not applicable,-9,-9,-9,-9,-9,none,none,-9,-9,-9,-9,no testing,-9,-9,-9,-9,no testing,21,not applicable,not applicable,-9,-9,-9,-9,no testing,-9,-9,-9,-9,no testing,
25,habla,-9,-9,-9, ,9/25/14,0,missing,-9,-9,-9,-9,-9,25,none,none,-9,-9,-9,-9,no testing,-9,-9,-9,-9,no testing,not applicable,-9,-9,-9,-9,-9,none,none,-9,-9,-9,-9,no testing,-9,-9,-9,-9,no testing,25,not applicable,not applicable,-9,-9,-9,-9,no testing,-9,-9,-9,-9,no testing,
26,habla,-9,-9,-9, ,9/3/14,0,missing,-9,-9,-9,-9,-9,26,none,none,-9,-9,-9,-9,no testing,-9,-9,-9,-9,no testing,not applicable,-9,-9,-9,-9,-9,none,none,-9,-9,-9,-9,no testing,-9,-9,-9,-9,no testing,26,not applicable,not applicable,-9,-9,-9,-9,no testing,-9,-9,-9,-9,no testing,
31,habla,-9,-9,-9, ,7/9/14,1,missing,-9,-9,-9,-9,-9,31,none,none,-9,-9,-9,-9,no testing,-9,-9,-9,-9,no testing,not applicable,-9,-9,-9,-9,-9,none,none,-9,-9,-9,-9,no testing,-9,-9,-9,-9,no testing,31,not applicable,not applicable,-9,-9,-9,-9,no testing,-9,-9,-9,-9,no testing,
32,habla,-9,-9,-9, ,9/5/14,1,missing,-9,-9,-9,-9,-9,32,none,none,-9,-9,-9,-9,no testing,-9,-9,-9,-9,no testing,not applicable,-9,-9,-9,-9,-9,none,none,-9,-9,-9,-9,no testing,-9,-9,-9,-9,no testing,32,not applicable,not applicable,-9,-9,-9,-9,no testing,-9,-9,-9,-9,no testing,
33,habla,-9,-9,-9, ,8/21/14,1,missing,-9,-9,-9,-9,-9,33,none,none,-9,-9,-9,-9,no testing,-9,-9,-9,-9,no testing,not applicable,-9,-9,-9,-9,-9,none,none,-9,-9,-9,-9,no testing,-9,-9,-9,-9,no testing,33,not applicable,not applicable,-9,-9,-9,-9,no testing,-9,-9,-9,-9,no testing,
44,habla,-9,-9,-9, ,10/10/14,0,missing,-9,-9,-9,-9,-9,44,none,none,-9,-9,-9,-9,no testing,-9,-9,-9,-9,no testing,not applicable,-9,-9,-9,-9,-9,none,none,-9,-9,-9,-9,no testing,-9,-9,-9,-9,no testing,44,not applicable,not applicable,-9,-9,-9,-9,no testing,-9,-9,-9,-9,no testing,
46,habla,-9,-9,-9, ,10/20/14,0,missing,-9,-9,-9,-9,-9,46,none,none,-9,-9,-9,-9,no testing,-9,-9,-9,-9,no testing,not applicable,-9,-9,-9,-9,-9,none,none,-9,-9,-9,-9,no testing,-9,-9,-9,-9,no testing,46,not applicable,not applicable,-9,-9,-9,-9,no testing,-9,-9,-9,-9,no testing,
47,habla,-9,-9,-9, ,6/12/14,0,missing,-9,-9,-9,-9,-9,47,none,none,-9,-9,-9,-9,no testing,-9,-9,-9,-9,no testing,not applicable,-9,-9,-9,-9,-9,none,none,-9,-9,-9,-9,no testing,-9,-9,-9,-9,no testing,47,not applicable,not applicable,-9,-9,-9,-9,no testing,-9,-9,-9,-9,no testing,
15,habla,-9,-9,-9, ,8/27/14,0,missing,-9,-9,-9,-9,-9,15,none,none,-9,-9,-9,-9,no testing,-9,-9,-9,-9,no testing,not applicable,-9,-9,-9,-9,-9,none,none,-9,-9,-9,-9,no testing,-9,-9,-9,-9,no testing,15,not applicable,not applicable,-9,-9,-9,-9,no testing,-9,-9,-9,-9,no testing,
36,habla,-9,-9,-9, ,10/12/14,1,missing,-9,-9,-9,-9,-9,36,none,none,-9,-9,-9,-9,no testing,-9,-9,-9,-9,no testing,not applicable,-9,-9,-9,-9,-9,none,none,-9,-9,-9,-9,no testing,-9,-9,-9,-9,no testing,36,not applicable,not applicable,-9,-9,-9,-9,no testing,-9,-9,-9,-9,no testing,
37,habla,-9,-9,-9, ,7/14/14,0,missing,-9,-9,-9,-9,-9,37,none,none,-9,-9,-9,-9,no testing,-9,-9,-9,-9,no testing,not applicable,-9,-9,-9,-9,-9,none,none,-9,-9,-9,-9,no testing,-9,-9,-9,-9,no testing,37,not applicable,not applicable,-9,-9,-9,-9,no testing,-9,-9,-9,-9,no testing,
54,habla,-9,-9,-9, ,12/22/14,1,missing,-9,-9,-9,-9,-9,54,none,none,-9,-9,-9,-9,no testing,-9,-9,-9,-9,no testing,not applicable,-9,-9,-9,-9,-9,none,none,-9,-9,-9,-9,no testing,-9,-9,-9,-9,no testing,54,not applicable,not applicable,-9,-9,-9,-9,no testing,-9,-9,-9,-9,no testing,
63,habla,-9,-9,-9, ,10/9/14,1,missing,-9,-9,-9,-9,-9,63,none,none,-9,-9,-9,-9,no testing,-9,-9,-9,-9,no testing,not applicable,-9,-9,-9,-9,-9,none,none,-9,-9,-9,-9,no testing,-9,-9,-9,-9,no testing,63,not applicable,not applicable,-9,-9,-9,-9,no testing,-9,-9,-9,-9,no testing,
76,habla,-9,-9,-9, ,8/26/14,0,missing,-9,-9,-9,-9,-9,76,none,none,-9,-9,-9,-9,no testing,-9,-9,-9,-9,no testing,not applicable,-9,-9,-9,-9,-9,none,none,-9,-9,-9,-9,no testing,-9,-9,-9,-9,no testing,76,not applicable,not applicable,-9,-9,-9,-9,no testing,-9,-9,-9,-9,no testing,
80,habla,-9,-9,-9, ,7/21/14,1,missing,-9,-9,-9,-9,-9,80,none,none,-9,-9,-9,-9,no testing,-9,-9,-9,-9,no testing,not applicable,-9,-9,-9,-9,-9,none,none,-9,-9,-9,-9,no testing,-9,-9,-9,-9,no testing,80,not applicable,not applicable,-9,-9,-9,-9,no testing,-9,-9,-9,-9,no testing,
69,habla,19.7,27,40.2, ,12/28/14,0,wg,19,313,80,25,29,69,tobii,HABLA48T_18-1,0.482538146,27,0.427677442,0.482538146, ,800,6,283.7097108,800, ,ws,28,-9,-9,467,70,hand: no Tobii,HABLA48T_25-1,0.56,42,0.379705241,0.562290553, ,1011.928571,14,327.5795768,1011.928571, ,69,not in protocol,not in protocol,-9,-9,-9,-9,not in protocol,-9,-9,-9,-9,not in protocol,
84,habla,18.6,26.2,38.5, ,1/29/15,0,wg,18,103,12,33,41,84,tobii,HABLA48T_18-1,0.678761154,29,0.344688497,0.678761154, ,1258.5,6,201.9076522,1258.5, ,ws,26,-9,-9,292,54,tobii,HABLA48T_25-1,0.5,26,0.351387625,0.504865148, ,889.4545455,11,326.9080493,889.4545455, ,84,not in protocol,not in protocol,-9,-9,-9,-9,not in protocol,-9,-9,-9,-9,not in protocol,
88,habla,20.3,-9,-9, ,11/28/14,1,wg,21,412,99,30,20,88,tobii,HABLA48T_18-1,0.692681674,39,0.280595714,0.692681674, ,665.3333333,12,195.2650103,665.3333333, ,not applicable,-9,-9,-9,-9,-9,none,none,-9,-9,-9,-9,no testing,-9,-9,-9,-9,no testing,88,not in protocol,not in protocol,-9,-9,-9,-9,not in protocol,-9,-9,-9,-9,not in protocol,
96,habla,19.6,27.5,40, ,12/20/14,1,wg,20,232,53,72,75,96,tobii,HABLA48T_18-1,0.629670359,13, ,0.629670359, ,966.6,5,134.9899996,966.6, ,ws,27,-9,-9,304,44,tobii,HABLA48T_25-1,0.77,11,0.275889454,0.765073278, ,823.4,5,296.6931074,823.4, ,96,not in protocol,not in protocol,-9,-9,-9,-9,not in protocol,-9,-9,-9,-9,not in protocol,
103,habla,19.4,26.2,40, ,1/4/15,0,wg,19,22,0,1,10,103,tobii,HABLA48T_18-1,0.485707192,34,0.324676017,0.485707192, ,1006.25,8,347.880008,1006.25, ,ws,27,-9,-9,16,0,tobii,HABLA48T_25-1,0.57,23,0.40226844,0.565057074, ,974,7,487.7844469,974, ,103,not in protocol,not in protocol,-9,-9,-9,-9,not in protocol,-9,-9,-9,-9,not in protocol,
104,habla,18.5,26,38.9, ,1/27/15,0,wg,19,171,26,97,83,104,tobii,HABLA48T_18-1,-9,-9,-9,-9,low # trials: hand-coding won't give us 10 trials,-9,-9,-9,-9,no good acc,ws,26,-9,-9,249,48,hand: no Tobii,HABLA48T_25-1,0.64,27,0.316603867,0.641979898, ,878.8181818,11,191.7054085,878.8181818, ,104,not in protocol,not in protocol,-9,-9,-9,-9,not in protocol,-9,-9,-9,-9,not in protocol,
109,habla,19.1,26.5,39.5, ,1/5/15,0,wg,19,160,24,140,90,109,tobii,HABLA48T_18-1,0.422377075,13,0.298270114,0.422377075, ,961.8571429,7,411.5136403,961.8571429, ,ws,27,-9,-9,355,57,tobii,HABLA48T_25-1,0.72,33, ,0.715222162, ,664.2142857,14,205.7059808,664.2142857, ,109,not in protocol,not in protocol,-9,-9,-9,-9,not in protocol,-9,-9,-9,-9,not in protocol,
121,habla,17.5,24.7,37.7, ,2/26/15,1,wg,19,130,18,0,5,121,tobii,HABLA48T_18-1,0.624764855,12,0.390243926,0.624764855, ,647.3333333,6,414.0805075,647.3333333, ,ws,26,-9,-9,347,57,tobii,HABLA48T_25-1,0.67,24,0.30493968,0.673917234, ,863.3,10,264.3133872,863.3, ,121,not in protocol,not in protocol,-9,-9,-9,-9,not in protocol,-9,-9,-9,-9,not in protocol,
132,habla,17.6,24.8,37.6, ,2/27/15,0,wg,18,223,45,67,77,132,tobii,HABLA48T_18-1,0.722596444,10,0.280492033,0.722596444, ,916.6,5,213.112177,916.6, ,ws,26,-9,-9,446,79,tobii,HABLA48T_25-1,0.51,18, ,0.513843622, ,726.1111111,9,160.0729868,726.1111111, ,132,not in protocol,not in protocol,-9,-9,-9,-9,not in protocol,-9,-9,-9,-9,not in protocol,
133,habla,17.1,24.5,-9, ,3/14/15,0,wg,17,61,9,2,12,133,tobii,HABLA48T_18-1,0.553225919,11,0.343396877,0.553225919, ,691.75,4,241.1049218,691.75, ,ws,25,-9,-9,252,54,hand: no Tobii,HABLA48T_25-1,0.46,20,0.394778643,0.458336731, ,1083.25,4,513.7264999,1083.25, ,133,not in protocol,not in protocol,-9,-9,-9,-9,not in protocol,-9,-9,-9,-9,not in protocol,
141,habla,19.2,26.5,39.4, ,1/5/15,1,wg,19,196,43,6,13,141,hand: no Tobii,HABLA48T_18-1,0.600605623,13,0.287102207,0.600605623, ,916.5,2,23.33452378,916.5, ,ws,27,-9,-9,525,78,hand: no Tobii,HABLA48T_25-1,0.73,15,0.281677297,0.72870429, ,841.75,4,317.95951,841.75, ,141,not in protocol,not in protocol,-9,-9,-9,-9,not in protocol,-9,-9,-9,-9,not in protocol,
146,habla,17.3,24.7,37.7, ,3/2/15,0,wg,17,146,28,0,5,146,tobii,HABLA48T_18-1,0.496117545,28,0.299432164,0.496117545, ,855.5,12,335.54176,855.5, ,ws,25,-9,-9,24,0,tobii,HABLA48T_25-1,0.71,40, ,0.712624982, ,629.3809524,21,201.1972853,629.3809524, ,146,not in protocol,not in protocol,-9,-9,-9,-9,not in protocol,-9,-9,-9,-9,not in protocol,
150,habla,18.6,26.3,38.7, ,1/23/15,1,wg,19,117,16,0,5,150,tobii,HABLA48T_18-1,0.608011081,26,0.448244117,0.608011081, ,1025,2,271.529004,1025, ,ws,27,-9,-9,567,83,tobii,HABLA48T_25-1,0.58,24,0.299764744,0.576971156, ,937,9,256.033201,937, ,150,not in protocol,not in protocol,-9,-9,-9,-9,not in protocol,-9,-9,-9,-9,not in protocol,
168,habla,17.3,24.3,37.4, ,3/7/15,1,wg,17,340,91,8,17,168,tobii,HABLA48T_18-1,0.688010917,11, ,0.688010917, ,767,2,636.3961031,767, ,ws,25,-9,-9,474,80,hand: not enough trials with Tobii,HABLA48T_25-1,0.630417588,33,0.276182268,0.630417588, ,921.5882353,17,388.5130401,921.5882353, ,168,not in protocol,not in protocol,-9,-9,-9,-9,not in protocol,-9,-9,-9,-9,not in protocol,
169,habla,19.4,-9,40.2, ,12/27/14,1,wg,20,121,17,21,18,169,hand: no Tobii,HABLA48T_18-1,0.480254903,9,0.47021295,-9,low # trials: originally hand-coded,1266.75,4,550.6495407,-9,no good acc,not applicable,-9,-9,-9,-9,-9,none,none,-9,-9,-9,-9,no testing,-9,-9,-9,-9,no testing,169,not in protocol,not in protocol,-9,-9,-9,-9,not in protocol,-9,-9,-9,-9,not in protocol,
87,habla,21,25.3,39.9, ,4/22/15,1,wg,21,346,90,55,49,87,tobii,HABLA48T_18-1,0.565128793,18,0.371070429,0.565128793, ,1068.75,8,348.2448851,1068.75, ,ws,25,-9,-9,290,54,tobii,HABLA48T_25-1,-9,-9,-9,-9,no video,-9,-9,-9,-9,no video,87,tobii: check to see if Hand-coding will help,HABLA40TSPAN_36-1_CL,0.96,3,0.069282032,-9,low # trials: check if Hand-Coding will help,-9,-9,-9,-9,no good acc: check if Hand-Coding will help,
105,habla,19.3,25.1,40, ,4/21/15,0,wg,20,209,36,43,49,105,tobii,HABLA48T_18-1,0.492329481,39,0.417298263,0.492329481, ,1138.888889,9,391.3669775,1138.888889, ,ws,25,-9,-9,124,26,tobii,HABLA48T_25-1,0.6,37,0.33905926,0.60283269, ,1010.823529,17,401.8082931,1010.823529, ,105,tobii,HABLA40TSPAN_36-1_CL,0.71337309,14,0.238337926,0.71337309, ,790,5,485.4523664,790, ,
111,habla,20.7,26.8,-9, ,4/21/15,1,wg,20,255,65,172,88,111,tobii,HABLA48T_18-1,0.743925659,22,0.21936404,0.743925659, ,770.8333333,12,242.7354839,770.8333333, ,ws,26,-9,-9,402,67,tobii,HABLA48T_25-1,0.7,22,0.276026529,0.696235353, ,674.875,8,299.6466669,674.875, ,111,none,none,-9,-9,-9,-9,no testing,-9,-9,-9,-9,no testing,
114,habla,18.5,25.2,39.2, ,5/23/15,0,wg,19,114,13,9,14,114,tobii,HABLA48T_18-1,0.599771464,30,0.344906709,0.599771464, ,884.7272727,11,369.2517003,884.7272727, ,ws,25,-9,-9,139,30,tobii,HABLA48T_25-1,0.66,29, ,0.657063306, ,889.5625,16,287.3740811,889.5625, ,114,tobii,HABLA40TSPAN_36-1_CL,0.67038876,24,0.31500643,0.67038876, ,844.9230769,13,445.2225027,844.9230769, ,
116,habla,20.7,25.3,40.7, ,3/23/15,1,wg,21,310,85,236,99,116,hand: not enough trials with Tobii,HABLA48T_18-1,0.788402585,26,0.183816631,0.788402585, ,642.8571429,14,288.6837122,642.8571429, ,ws,27,-9,-9,495,75,tobii,HABLA48T_25-1,0.78,32, ,0.779733585, ,686.3636364,11,89.25611769,686.3636364, ,116,tobii,HABLA40TSPAN_36-1_CL, , , , , , , , , , ,
120,habla,20.4,25.4,40.4, ,3/28/15,0,wg,21,259,68,107,85,120,tobii,HABLA48T_18-1,0.543280219,27,0.401630371,0.543280219, ,806.125,8,386.0360596,806.125, ,ws,25,-9,-9,198,46,hand: no Tobii,HABLA48T_25-1,0.67,32,0.343051653,0.670883505, ,824.1111111,9,271.1528372,824.1111111, ,120,tobii,HABLA40TSPAN_36-1_CL, , , , , , , , , , ,
140,habla,19.8,25.3,44.4, ,4/5/15,1,wg,21,388,95,166,87,140,tobii,HABLA48T_18-1,0.548811049,41,0.394276464,0.548811049, ,1115.25,12,393.0776294,1115.25, ,ws,24,-9,-9,280,59,hand: no Tobii,HABLA48T_25-1,0.68,34,0.290849926,0.679134701, ,743.5384615,13,228.1858217,743.5384615, ,140,tobii: check to see if Hand-coding will help,HABLA40TSPAN_36-1_CL,0.641263613,8,0.218243577,-9,low # trials: check if Hand-Coding will help,1025,4,145.2331459,-9,no good acc: check if Hand-Coding will help,
145,habla,19.5,25.2,41.5, ,4/17/15,1,wg,21,278,74,163,86,145,tobii,HABLA48T_18-1,0.710235244,16,0.247484079,0.710235244, ,605.5,6,187.0216565,605.5, ,ws,25,-9,-9,410,73,tobii,HABLA48T_25-1,0.77,38,0.20588087,0.773385365, ,547,16,139.9819036,547, ,145,tobii,HABLA40TSPAN_36-1_CL,0.863004187,10,0.176608678,0.863004187, ,677.6666667,3,335.1810456,677.6666667, ,
155,habla,18.7,25.5,40.1, ,5/12/15,0,wg,20,128,15,50,68,155,hand: no Tobii,HABLA48T_18-1,1,1, ,-9,low # trials: originally hand-coded,-9,-9,-9,-9,no good acc,ws,25,-9,-9,224,50,tobii,HABLA48T_25-1,0.71,27,0.263437967,0.706478103, ,885.3529412,17,357.2754437,885.3529412, ,155,tobii,HABLA40TSPAN_36-1_CL,0.581607696,20,0.287637133,0.581607696, ,958.2,10,423.4959793,958.2, ,
157,habla,19.3,25.3,42.6, ,4/23/15,1,wg,20,301,80,246,99,157,tobii,HABLA48T_18-1,0.546070542,13, ,0.546070542, ,975,2,106.0660172,975, ,ws,25,-9,-9,588,91,hand: no Tobii,HABLA48T_25-1,0.59,35,0.286947473,0.587747792, ,781.4444444,9,299.1960524,781.4444444, ,157,tobii,HABLA40TSPAN_36-1_CL,0.70549914,24,0.25320092,0.70549914, ,681.5555556,9,129.2634046,681.5555556, ,
163,habla,18.4,25.4,39, ,5/25/15,1,wg,19,210,46,8,15,163,hand: no Tobii,HABLA48T_18-1,0,1, ,-9,low # trials: originally hand-coded,-9,-9,-9,-9,no good acc,ws,25,-9,-9,187,34,tobii,HABLA48T_25-1,0.59,36, ,0.589529862, ,866.625,16,275.0206962,866.625, ,163,tobii,HABLA40TSPAN_36-1_CL,0.567960599,24,0.264216074,0.567960599, ,966.7,10,262.2717208,966.7, ,
173,habla,19,25.4,40, ,5/4/15,0,wg,20,195,32,37,44,173,hand: no Tobii,HABLA48T_18-1,0.439706717,33,0.307913869,0.439706717, ,747.7142857,7,393.9537681,747.7142857, ,ws,25,-9,-9,133,29,tobii,HABLA48T_18-1,-9,-9,-9,-9,wrong order (18),-9,-9,-9,-9,wrong order (18),173,tobii: check to see if Hand-coding will help,HABLA40TSPAN_36-1_CL,0.742940516,8,0.246253251,-9,low # trials: check if Hand-Coding will help,711,3,151.2051586,-9,no good acc: check if Hand-Coding will help,
180,habla,22.5,27.9,45.4, ,1/24/15,0,wg,22,373,92,104,84,180,tobii,HABLA48T_18-1,0.617340717,11,0.212323915,0.617340717, ,679.25,4,273.5231556,679.25, ,ws,27,-9,-9,590,94,tobii,HABLA48T_25-1,0.6,23,0.373857881,0.59749021, ,725,8,427.7906698,725, ,180,tobii,HABLA40TSPAN_36-1_CL,0.691525159,13,0.189266787,0.691525159, ,1000,5,637.8240353,1000, ,
182,habla,18.3,25.2,39.3, ,5/29/15,1,wg,19,319,87,7,14,182,tobii,HABLA48T_18-1,0.704639351,29,0.338032449,0.704639351, ,616.8,5,253.8428648,616.8, ,ws,25,-9,-9,41,0,tobii,HABLA48T_25-1,0.66,27,0.265246439,0.660315554, ,866.6666667,12,300.2996483,866.6666667, ,182,tobii,HABLA40TSPAN_36-1_CL,0.639502837,19,0.31635533,0.639502837, ,700.2,5,188.2596611,700.2, ,
187,habla,15.5,24.8,32.7, ,12/22/15,1,wg,15,398,99,79,88,187,tobii,HABLA48T_18-1,0.636148412,31,0.37470481,0.636148412, ,850.1666667,6,258.9852634,850.1666667, ,ws,25,-9,-9,510,83,tobii,HABLA47T_25-1_CLIPS,0.68,25,0.261942722,0.683263463, ,858.3333333,12,312.3777822,858.3333333, ,187,tobii,HABLA40TSPAN_36-1_CL,0.758626815,16,0.23102993,0.758626815, ,583.2857143,7,159.420528,583.2857143, ,
188,habla,18.4,25.3,-9, ,9/23/15,0,wg,18,311,80,29,34,188,tobii,HABLA48T_18-1,0.480342467,27,0.416316906,0.480342467, ,1025,6,568.2263633,1025, ,ws,-9,-9,-9,-9,-9,tobii,HABLA48T_25-1,0.54,26, ,0.540805159, ,733.3333333,6,280.0954599,733.3333333, ,188,none,none,-9,-9,-9,-9,no testing,-9,-9,-9,-9,no testing,
189,habla,18.3,26.6,-9, ,9/3/15,0,wg,19,78,8,11,15,189,hand: no Tobii,HABLA48T_18-1,0.519223355,17,0.427027261,0.519223355, ,962,7,558.845238,962, ,ws,-9,-9,-9,-9,-9,tobii,HABLA47T_25-1_CLIPS,0.58,3,0.373813457,-9,low # trials: hand-coding won't give us 10 trials,1083,1, ,-9,no good acc,189,none,none,-9,-9,-9,-9,no testing,-9,-9,-9,-9,no testing,
190,habla,17.5,25.6,36.2, ,9/28/15,0,wg,18,205,35,4,12,190,tobii,HABLA48T_18-1,0.618792538,19,0.219580061,0.618792538, ,795.2857143,7,123.1986394,795.2857143, ,ws,-9,-9,-9,-9,-9,tobii,HABLA47T_25-1_CLIPS,0.64,20,0.323157531,0.637688142, ,938.7777778,9,323.792672,938.7777778, ,190,tobii,HABLA40TSPAN_36-1_CL,0.560673833,18,0.326210695,0.560673833, ,1114.625,8,204.5321753,1114.625, ,
192,habla,18.1,25.5,36, ,9/18/15,1,wg,18,272,72,132,83,192,tobii,HABLA48T_18-1,0.540287653,26,0.304802562,0.540287653, ,1032,13,433.3258974,1032, ,ws,25,-9,-9,467,79,tobii,HABLA48T_25-1,0.67,28, ,0.665611693, ,627,13,177.3339599,627, ,192,tobii,HABLA40TSPAN_36-1_CL,0.716129883,11,0.244555153,0.716129883, ,866.5,4,358.0917015,866.5, ,
193,habla,18.7,26.4,-9, ,8/30/15,1,wg,19,30,0,4,11,193,hand: no Tobii,HABLA48T_18-1,0.606884676,31,0.36687739,0.606884676, ,1037.111111,9,434.2722201,1037.111111, ,ws,-9,-9,-9,-9,-9,tobii,HABLA47T_25-1_CLIPS,0.67,35,0.260382296,0.669295296, ,844.8125,16,311.0702426,844.8125, ,193,none,none,-9,-9,-9,-9,no testing,-9,-9,-9,-9,no testing,
196,habla,19,25.4,37, ,8/15/15,1,wg,19,217,48,41,25,196,tobii,HABLA48T_18-1,0.686353211,12,0.330352358,0.686353211, ,888.6666667,3,135.8172792,888.6666667, ,ws,25,-9,-9,153,25,tobii,HABLA48T_25-1,0.72,28,0.211792789,0.719196853, ,656.4615385,13,289.8087345,656.4615385, ,196,tobii,HABLA40TSPAN_36-1_CL,0.662818878,18,0.223368213,0.662818878, ,824.75,8,314.0544766,824.75, ,
197,habla,18.3,25.9,36.9, ,9/5/15,0,wg,19,341,85,16,20,197,tobii,HABLA48T_18-1,0.51167871,24,0.368138522,0.51167871, ,1065,10,486.171209,1065, ,ws,26,-9,-9,22,0,tobii,HABLA48T_25-1,0.63,18,0.415669046,0.628877124, ,1046.8,5,402.9040829,1046.8, ,197,tobii,HABLA40TSPAN_36-1_CL,0.628971806,27,0.347339728,0.628971806, ,1009.181818,11,388.290566,1009.181818, ,
202,habla,19.3,25.7,38.5, ,8/6/15,0,wg,20,92,10,0,5,202,tobii,HABLA48T_18-1,0.590294041,11, ,0.590294041, ,650,2,494.9747468,650, ,ws,26,-9,-9,0,0,hand: unable to get enough trials,HABLA48T_25-1,0.231111111,5,0.316461922,-9,low # trials: hand-coding didn't help,1300,2,519.0163774,-9,no good acc,202,tobii: check to see if Hand-coding will help,HABLA40TSPAN_36-1_CL,0.5,2,0.707106781,-9,low # trials: check if Hand-Coding will help,-9,-9,-9,-9,no good acc: check if Hand-Coding will help,
203,habla,20.5,27.8,-9, ,7/7/15,1,wg,21,158,32,10,16,203,tobii,HABLA48T_18-1,0.653685555,40,0.318314087,0.653685555, ,870.5384615,13,210.8461585,870.5384615, ,ws,28,-9,-9,233,22,hand: no Tobii,HABLA48T_25-1,0.76,38,0.206183816,0.75618559, ,756.8823529,17,214.3880484,756.8823529, ,203,none,none,-9,-9,-9,-9,no testing,-9,-9,-9,-9,no testing,
204,habla,20.2,26.7,38, ,8/3/15,0,missing,-9,-9,-9,-9,-9,204,hand: unable to get enough trials,HABLA48T_18-1,0.716358172,8,0.261259292,-9,low # trials: hand-coding didn't help,875,4,351.3203666,-9,no good acc,ws,27,-9,-9,320,47,hand: not enough trials with Tobii,HABLA48T_25-1,0.584382392,14,0.319159472,0.584382392, ,1113.2,5,544.170194,1113.2, ,204,hand, , , , , , , , , , , ,
211,habla,17.7,25.3,35.2, ,10/6/15,1,wg,18,97,10,4,11,211,tobii,HABLA48T_18-1,0.301997503,2,0.081392316,-9,low # trials: hand-coding won't give us 10 trials,-9,-9,-9,-9,no good acc,ws,27,-9,-9,236,28,tobii,HABLA47T_25-1_CLIPS,0.67,12,0.262153404,0.670749367, ,1050,3,92.67685795,1050, ,211,hand, , , , , , , , , , , ,
215,habla,17,-9,34.2, ,11/7/15,1,wg,17,367,94,69,78,215,tobii,HABLA48T_18-1,0.536246224,30, ,0.536246224, ,1022.727273,11,328.5045177,1022.727273, ,not applicable,-9,-9,-9,-9,-9,none,none,-9,-9,-9,-9,no testing,-9,-9,-9,-9,no testing,215,tobii: check to see if Hand-coding will help,HABLA40TSPAN_36-1_CL,0.691454064,8,0.233600316,-9,low # trials: check if Hand-Coding will help,833.3333333,3,258.8867191,833.3333333, ,
216,habla,17.2,25.3,35.7, ,10/23/15,0,wg,17,147,28,1,10,216,hand: no Tobii,HABLA48T_18-1,1,1, ,-9,low # trials: originally hand-coded,-9,-9,-9,-9,no good acc,ws,25,-9,-9,129,28,tobii,HABLA47T_25-1_CLIPS,0.6,16,0.44777934,0.595248923, ,1361.333333,3,178.3152639,1361.333333, ,216, , , , , , , , , , , , ,
210,habla,22.2,30.1,42.5, ,11/2/15,1,ws,22,-9,-9,147,46,210,hand: no Tobii,HABLA48T_18-1,0.753533912,35,0.216569612,0.753533912, ,664.7777778,18,241.8479239,664.7777778, ,ws,31,-9,-9,403,-9,hand: no Tobii,HABLA48T_25-1,0.57,24,0.351097692,0.573289442, ,992.5555556,9,542.3062122,992.5555556, ,210, , , , , , , , , , , , ,
217,habla,20.7,27.1,40.2, ,12/9/15,0,ws,21,-9,-9,31,15,217,tobii,HABLA48T_18-1,0.536935703,24, ,0.536935703, ,981.6,10,472.8105564,981.6, ,ws,29,-9,-9,394,50,hand: no Tobii,HABLA48T_25-1,0.5,2,0.10320902,-9,low # trials: originally hand-coded,933,1, ,-9,no good acc,217,tobii,HABLA40TSPAN_36-1_CL,0.553715377,20,0.31453442,0.553715377, ,800,6,445.1691813,800, ,
230,habla,15.5,-9,-9, ,5/17/16,1,wg,15,15,0,15,52,230,tobii,HABLA48T_18-1,0.497130854,36,0.417608408,0.497130854, ,986.3636364,11,413.8169336,986.3636364, ,not applicable,-9,-9,-9,-9,-9,none,none,-9,-9,-9,-9,no testing,-9,-9,-9,-9,no testing,230,none,none,-9,-9,-9,-9,no testing,-9,-9,-9,-9,no testing,
231,habla,15.4,22.1,35.3, ,5/15/16,0,wg,15,40,12,40,83,231,tobii,HABLA48T_18-1,0.486841933,30,0.439656327,0.486841933, ,1004.714286,7,394.649513,1004.714286, ,ws,22,-9,-9,528,97,tobii,HABLA47T_25-1_CLIPS,0.66,28,0.332348171,0.66488063, ,941.6428571,14,326.4286015,941.6428571, ,231,tobii,tobii,0.727412233,13,0.288831215,0.727412233, ,797.1666667,6,396.8870956,797.1666667, ,
232,habla,18,24.3,37.4, ,2/28/16,0,ws,18,-9,-9,31,27,232,tobii,HABLA48T_18-1,0.53801934,41,0.401665123,0.53801934, ,997.5384615,13,397.7448125,997.5384615, ,ws,24,-9,-9,218,54,tobii,HABLA47T_25-1_CLIPS,0.62,13,0.34346417,0.618389046, ,966.6666667,6,228.1522883,966.6666667, ,232,tobii,tobii,0.489987162,25,0.273470768,0.489987162, ,1068.090909,11,249.4884585,1068.090909, ,
260,habla,18.3,24.4,38, ,2/22/16,1,ws,18,-9,-9,189,80,260,tobii,HABLA48T_18-1,0.634238681,34, ,0.634238681, ,824.3846154,13,377.4112563,824.3846154, ,ws,24,-9,-9,607,94,hand: no Tobii,HABLA48T_25-1,0.67,34,0.314265921,0.668277642, ,804.7857143,14,288.1346316,804.7857143, ,260,tobii,tobii,0.612342094,20,0.330595248,0.612342094, ,661,6,158.7501181,661, ,
261,habla,14.3,20.8,33.8, ,6/22/16,1,wg,14,11,1,11,54,261,tobii,HABLA48T_18-1,0.682419035,12, ,0.682419035, ,-9,-9,-9,-9,not enough RT trials,ws,20,-9,-9,124,53,tobii,HABLA47T_25-1_CLIPS,0.75,18,0.218169562,0.749923959, ,839,6,247.0344106,839, ,261,tobii,tobii,0.697321057,12,0.24676573,0.697321057, ,669.8,5,438.1514578,669.8, ,
266,habla,19.1,-9,-9, ,2/8/16,0,ws,19,-9,-9,13,9,266,tobii,HABLA48T_18-1,0.566870429,24,0.453922434,0.566870429, ,575,2,200.8183259,575, ,not applicable,-9,-9,-9,-9,-9,none,none,-9,-9,-9,-9,no testing,-9,-9,-9,-9,no testing,266,none,none,-9,-9,-9,-9,no testing,-9,-9,-9,-9,no testing,
268,habla,15,-9,-9, ,7/2/16,1,wg,15,40,10,40,78,268,tobii,HABLA48T_18-1,0.400445964,16,0.317724338,0.400445964, ,748,8,518.9445332,748, ,not applicable,-9,-9,-9,-9,-9,none,none,-9,-9,-9,-9,no testing for this cohort,-9,-9,-9,-9,no testing for this cohort,268,none,none,-9,-9,-9,-9,no testing,-9,-9,-9,-9,no testing,
270,habla,17.6,-9,-9, ,4/14/16,0,ws,18,-9,-9,3,0,270,tobii,HABLA48T_18-1,0.612107721,13, ,0.612107721, ,522.3333333,3,217.3622169,522.3333333, ,not applicable,-9,-9,-9,-9,-9,none,none,-9,-9,-9,-9,no testing for this cohort,-9,-9,-9,-9,no testing for this cohort,270,none,none,-9,-9,-9,-9,no testing,-9,-9,-9,-9,no testing,
271,habla,20.9,-9,-9, ,1/4/16,0,ws,22,-9,-9,60,23,271,tobii,HABLA48T_18-1,0.642076503,6,0.500622205,-9,low # trials: Gilroy cohort- not hand-coding,450,1, ,-9,no good acc,not applicable,-9,-9,-9,-9,-9,none,none,-9,-9,-9,-9,no testing for this cohort,-9,-9,-9,-9,no testing for this cohort,271,none,none,-9,-9,-9,-9,no testing,-9,-9,-9,-9,no testing,
272,habla,17.1,-9,-9, ,4/29/16,0,ws,17,-9,-9,43,50,272,tobii,HABLA48T_18-1,0.534439326,32,0.400743706,0.534439326, ,824.8,10,443.2184814,824.8, ,not applicable,-9,-9,-9,-9,-9,none,none,-9,-9,-9,-9,no testing for this cohort,-9,-9,-9,-9,no testing for this cohort,272,none,none,-9,-9,-9,-9,no testing,-9,-9,-9,-9,no testing,
277,habla,16.4,-9,-9, ,5/31/16,0,ws,16,-9,-9,11,15,277,tobii,HABLA48T_18-1,0.545862883,15,0.379266812,0.545862883, ,1071,4,439.8454274,1071, ,not applicable,-9,-9,-9,-9,-9,none,none,-9,-9,-9,-9,no testing for this cohort,-9,-9,-9,-9,no testing for this cohort,277,none,none,-9,-9,-9,-9,no testing,-9,-9,-9,-9,no testing,
279,habla,20,-9,-9, ,2/10/16,0,ws,20,-9,-9,14,8,279,tobii,HABLA48T_18-1,0.516016043,16,0.401493777,0.516016043, ,991.5,4,508.7858096,991.5, ,not applicable,-9,-9,-9,-9,-9,none,none,-9,-9,-9,-9,no testing for this cohort,-9,-9,-9,-9,no testing for this cohort,279,none,none,-9,-9,-9,-9,no testing,-9,-9,-9,-9,no testing,
281,habla,20.7,-9,-9, ,1/19/16,0,ws,21,-9,-9,20,9,281,tobii,HABLA48T_18-1,0.604481575,15,0.433782138,0.604481575, ,1211,3,766.9178574,1211, ,not applicable,-9,-9,-9,-9,-9,none,none,-9,-9,-9,-9,no testing for this cohort,-9,-9,-9,-9,no testing for this cohort,281,none,none,-9,-9,-9,-9,no testing,-9,-9,-9,-9,no testing,
282,habla,16.7,-9,-9, ,5/29/16,0,ws,16,-9,-9,3,0,282,tobii,HABLA48T_18-1,0.471995024,38,0.336891056,0.471995024, ,866.6153846,13,317.3910675,866.6153846, ,not applicable,-9,-9,-9,-9,-9,none,none,-9,-9,-9,-9,no testing for this cohort,-9,-9,-9,-9,no testing for this cohort,282,none,none,-9,-9,-9,-9,no testing,-9,-9,-9,-9,no testing,
283,habla,17.5,-9,-9, ,5/5/16,0,ws,17,-9,-9,5,0,283,tobii,HABLA48T_18-1,0.468191749,24,0.435049992,0.468191749, ,1148,8,475.154411,1148, ,not applicable,-9,-9,-9,-9,-9,none,none,-9,-9,-9,-9,no testing for this cohort,-9,-9,-9,-9,no testing for this cohort,283,none,none,-9,-9,-9,-9,no testing,-9,-9,-9,-9,no testing,
300,habla,14.1,21.2,-9, ,11/15/16,0,wg,14,95,38,15,70,300,hand: no Tobii,HABLA48T_18-1,0.481912219,16,0.412612261,0.481912219, ,933.5,2,235.4665581,933.5, ,ws,21,-9,-9,239,78,hand: no Tobii,HABLA48T_18-1_CLIPS,0.563907534,28,0.353480578,0.563907534, ,959.0769231,13,369.4925488,959.0769231, ,300,none,none,-9,-9,-9,-9,no testing,-9,-9,-9,-9,no testing,
302,habla,16.5,-9,-9, ,9/1/16,1,ws,17,-9,-9,27,27,302,hand: no Tobii,HABLA48T_18-1,0.490218855,15,0.450247644,0.490218855, ,1161,6,495.0212117,1161, ,not applicable,-9,-9,-9,-9,-9,none,none,-9,-9,-9,-9,no testing,-9,-9,-9,-9,no testing,302,none,none,-9,-9,-9,-9,no testing,-9,-9,-9,-9,no testing,
304,habla,21.7,28.8,36.4, ,4/3/16,1,ws,21,-9,-9,183,61,304,hand: no Tobii,HABLA48T_18-1,0.641179074,27,0.237472132,0.641179074, ,806.6666667,15,286.0126537,806.6666667, ,ws,28,-9,-9,435,64,tobii,HABLA47T_25-1_CLIPS,0.710711718,33,0.289481827,0.710711718, ,782,12,321.8901563,782, ,304,tobii,HABLA40TSPAN_36-1_CL,0.73458509,31,0.267618703,0.73458509, ,905,10,381.0893742,905, ,
308,habla,18,26.6,32.8, ,7/22/16,1,ws,18,-9,-9,14,9,308,hand: no Tobii,HABLA48T_18-1,0.642820025,20,0.355918793,0.642820025, ,1019,7,451.9067013,1019, ,ws,27,-9,-9,94,9,tobii,HABLA47T_25-1_CLIPS,0.648805761,17,0.254471707,0.648805761, ,842.5555556,9,315.3462823,842.5555556, ,308,tobii,HABLA40TSPAN_36-1_CL,0.63696751,11,0.260118747,0.63696751, ,1091.75,4,409.2337352,1091.75, ,
309,habla,18.8,25.5,33.7, ,6/30/16,1,ws,19,-9,-9,12,5,309,hand: no Tobii,HABLA48T_18-1,0.429158551,29,0.420926636,0.429158551, ,1316.75,8,385.0212425,1316.75, ,ws,25,-9,-9,293,55,tobii,HABLA47T_25-1_CLIPS,0.493572832,20,0.342862225,0.493572832, ,1060.25,8,316.9081661,1060.25, ,309,tobii: check to see if Hand-coding will help,HABLA40TSPAN_36-1_CL,0.532781771,5,0.162012461,-9,low # trials: check if Hand-Coding will help,1141.5,2,624.3752878,-9,no good acc: check if Hand-Coding will help,
310,habla,17.3,25.8,31.6, ,8/21/16,1,ws,17,-9,-9,230,90,310,hand: no Tobii,HABLA48T_18-1,0.560909527,26,0.305796998,0.560909527, ,1066.636364,11,473.6220588,1066.636364, ,ws,26,-9,-9,115,15,hand: not enough trials with Tobii,HABLA47T_25-1_CLIPS,0.725982471,20,0.177102423,0.725982471, ,561.8571429,7,202.1801413,561.8571429, ,310,tobii,HABLA40TSPAN_36-1_CL,0.730204467,21,0.213015978,0.730204467, ,779.9,10,432.1400107,779.9, ,
311,habla,17.3,26.9,31.6, ,8/23/16,0,ws,17,-9,-9,0,0,311,tobii,HABLA48T_18-1,-9,-9,-9,-9,not codable: video missing,-9,-9,-9,-9,not codable: video missing,ws,27,-9,-9,379,61,tobii,HABLA47T_25-1_CLIPS,0.635361593,22,0.319481404,0.635361593, ,786.7,10,207.6198717,786.7, ,311,tobii,HABLA40TSPAN_36-1_CL,0.538169336,11,0.237954841,0.538169336, ,933.5,6,149.9409884,933.5, ,
312,habla,16.8,26.1,31.1, ,9/5/16,0,ws,16,-9,-9,19,25,312,hand: no Tobii,HABLA48T_18-1,0.568679588,24,0.363951546,0.568679588, ,1304.714286,7,339.7276921,1304.714286, ,ws,26,-9,-9,102,17,tobii,HABLA47T_25-1_CLIPS,0.601805872,18,0.409809334,0.601805872, ,1145.428571,7,555.9840697,1145.428571, ,312,tobii,HABLA40TSPAN_36-1_CL,0.697486788,25,0.346346838,0.697486788, ,1014,6,525.1057036,1014, ,
313,habla,16.6,25.7,-9, ,9/12/16,0,ws,16,-9,-9,31,45,313,hand: no Tobii,HABLA48T_18-1,0.592153781,17,0.353107722,0.592153781, ,711,6,331.9728905,711, ,ws,-9,-9,-9,-9,-9,tobii,HABLA47T_25-1_CLIPS,0.647781287,28,0.244549222,0.647781287, ,968.3,10,508.1310089,968.3, ,313,none,none,-9,-9,-9,-9,no testing,-9,-9,-9,-9,no testing,
317,habla,20.3,27.2,34.7, ,5/24/16,0,ws,20,-9,-9,191,76,317,hand: no Tobii,HABLA48T_18-1,0.476595901,28,0.422434071,0.476595901, ,909.5714286,7,447.4005875,909.5714286, ,ws,28,-9,-9,576,90,tobii,HABLA47T_25-1_CLIPS,0.554678597,33,0.238413972,0.554678597, ,1035.533333,15,383.2717922,1035.533333, ,317,tobii,HABLA40TSPAN_36-1_CL,0.675727337,13,0.404416922,0.675727337, ,725,4,345.0874285,725, ,
248,habla,16.6,20.3,27.1, ,11/21/16,0,ws,16,-9,-9,8,10,248,hand: not enough trials with Tobii,HABLA48T_18-1_Clips,0.519585266,27,0.37285424,0.519585266, ,835.9230769,13,476.3481678,835.9230769, ,ws,20,-9,-9,88,51,hand: no Tobii,HABLA48T_18-1_CLIPS,0.716841193,27,0.235251105,0.716841193, ,823.0769231,13,288.2916525,823.0769231, ,248, , , , , , , , , , , , ,
259,habla,16.5,21.1,26.4, ,11/20/16,1,ws,16,-9,-9,66,58,259,tobii,HABLA48T_18-1_Clips,0.618836852,25,0.303839422,0.618836852, ,827.7777778,9,249.0149482,827.7777778, ,ws,21,-9,-9,34,12,tobii,HABLA47T_25-1_CLIPS,0.759163449,10,0.131439959,0.759163449, ,855.6666667,3,570.0406418,855.6666667, ,259, , , , , , , , , , , , ,
307,habla,20,25.1,-9, ,7/24/16,0,ws,20,-9,-9,134,65,307,tobii,HABLA48T_18-1_Clips,0.722042908,13,0.329708149,0.722042908, ,871,4,130.7848105,871, ,ws,26,-9,-9,419,75,tobii,HABLA47T_25-1_CLIPS,0.644640468,27,0.231347886,0.644640468, ,878.0769231,13,294.6117393,878.0769231, ,307,none,none,-9,-9,-9,-9,no testing,-9,-9,-9,-9,no testing,
330,habla,16,20.4,-9, ,12/1/16,1,ws,16,-9,-9,24,31,330,hand: no Tobii,HABLA48T_18-1_Clips,0.718518519,3,0.487540227,-9,low # trials: originally hand-coded,-9,-9,-9,-9,no good acc,ws,21,-9,-9,26,8,hand: no Tobii,HABLA48T_18-1_CLIPS,0.5,2,0.707106781,-9,low # trials: originally hand-coded,-9,-9,-9,-9,no good acc,330,none,none,-9,-9,-9,-9,no testing,-9,-9,-9,-9,no testing,
332,habla,14.7,19.7,26.4, ,1/5/17,1,wg,15,0,0,0,10,332,hand: not enough trials with Tobii,HABLA48T_18-1_Clips,0.480469549,19,0.374407393,0.480469549, ,1045.75,8,426.1139184,1045.75, ,ws,20,-9,-9,132,55,hand: no Tobii,HABLA48T_18-1_CLIPS,0.43658356,21,0.412521495,0.43658356, ,1166.8,5,534.0100186,1166.8, ,332, , , , , , , , , , , , ,
334,habla,14.5,21.1,25.9, ,1/14/17,1,wg,15,207,71,25,67,334,hand: not enough trials with Tobii,HABLA48T_18-1_Clips,0.454209355,17,0.396422271,0.454209355, ,1058.5,4,345.5859758,1058.5, ,ws,22,-9,-9,210,60,hand: no Tobii,HABLA48T_18-1_CLIPS,0.575468521,26,0.279657704,0.575468521, ,885.7142857,14,193.9930326,885.7142857, ,334, , , , , , , , , , , , ,
335,habla,13.8,17.9,24.6, ,2/15/17,1,wg,13,89,44,13,65,335,none,none,-9,-9,-9,-9,too young,-9,-9,-9,-9,too young,ws,18,-9,-9,92,56,hand: no Tobii,HABLA48T_18-1_CLIPS,0.614017165,23,0.387889082,0.614017165, ,1177.888889,9,336.6791664,1177.888889, ,335, , , , , , , , , , , , ,
336,habla,16.1,-9,-9, ,11/29/16,0,ws,16,-9,-9,3,0,336,hand: unable to get enough trials,HABLA48T_18-1_Clips,0.6,5,0.547722558,-9,low # trials: hand-coding didn't help,-9,-9,-9,-9,no good acc,not applicable,-9,-9,-9,-9,-9,none,none,-9,-9,-9,-9,no testing,-9,-9,-9,-9,no testing,336,none,none,-9,-9,-9,-9,no testing,-9,-9,-9,-9,no testing,
346,habla,-9,-9,-9, ,10/22/16,0,missing,-9,-9,-9,-9,-9,346,none,none,-9,-9,-9,-9,no testing,-9,-9,-9,-9,no testing,not applicable,-9,-9,-9,-9,-9,none,none,-9,-9,-9,-9,no testing,-9,-9,-9,-9,no testing,346,none,none,-9,-9,-9,-9,no testing,-9,-9,-9,-9,no testing,
343,habla,-9,-9, , ,4/11/17,0,missing,-9,-9,-9,-9,-9,343,none,none,-9,-9,-9,-9,no testing,-9,-9,-9,-9,no testing,not applicable,-9,-9,-9,-9,-9,none,none,-9,-9,-9,-9,no testing for this cohort,-9,-9,-9,-9,no testing for this cohort,343, , , , , , , , , , , , ,
377,habla,-9,-9, , ,3/5/17,1,missing,-9,-9,-9,-9,-9,377,none,none,-9,-9,-9,-9,no testing,-9,-9,-9,-9,no testing,not applicable,-9,-9,-9,-9,-9,none,none,-9,-9,-9,-9,no testing for this cohort,-9,-9,-9,-9,no testing for this cohort,377, , , , , , , , , , , , ,
378,habla,-9,-9, , ,12/25/16,0,missing,-9,-9,-9,-9,-9,378,none,none,-9,-9,-9,-9,no testing,-9,-9,-9,-9,no testing,not applicable,-9,-9,-9,-9,-9,none,none,-9,-9,-9,-9,no testing for this cohort,-9,-9,-9,-9,no testing for this cohort,378, , , , , , , , , , , , ,
379,habla,-9,-9, , ,1/1/17,1,missing,-9,-9,-9,-9,-9,379,none,none,-9,-9,-9,-9,no testing,-9,-9,-9,-9,no testing,not applicable,-9,-9,-9,-9,-9,none,none,-9,-9,-9,-9,no testing for this cohort,-9,-9,-9,-9,no testing for this cohort,379, , , , , , , , , , , , ,
390,habla,-9,-9, , ,10/2/17,1,missing,-9,-9,-9,-9,-9,390,none,none,-9,-9,-9,-9,no testing,-9,-9,-9,-9,no testing,not applicable,-9,-9,-9,-9,-9,none,none,-9,-9,-9,-9,no testing for this cohort,-9,-9,-9,-9,no testing for this cohort,390, , , , , , , , , , , , ,
395,habla,-9,-9, , ,5/6/17,1,missing,-9,-9,-9,-9,-9,395,none,none,-9,-9,-9,-9,no testing,-9,-9,-9,-9,no testing,not applicable,-9,-9,-9,-9,-9,none,none,-9,-9,-9,-9,no testing for this cohort,-9,-9,-9,-9,no testing for this cohort,395, , , , , , , , , , , , ,
421,habla,20.6,26.2, , ,5/11/17,0,ws,20,-9,-9,21,12,421,tobii,HABLA48T_18-1_Clips,0.692542865,34,0.375247006,0.692542865, ,1053.555556,9,480.5621997,1053.555556, ,ws,27,-9,-9,399,64,hand,HABLA47T_25-1_CLIPS,0.74212689,36,0.300447865,0.74212689, ,768.9285714,14,359.8594735,768.9285714, ,421, , , , , , , , , , , , ,
424,habla,15.4,22.6, , ,10/2/17,1,ws,16,-9,-9,65,58,424,tobii,HABLA48T_18-1_Clips,0.524875225,30,0.341529138,0.524875225, ,818.4,10,587.0120574,818.4, ,ws,22,-9,-9,235,64,tobii,HABLA47T_25-1_CLIPS,0.581050146,17,0.261666391,0.581050146, ,873.7142857,7,169.0154966,873.7142857, ,424, , , , , , , , , , , , ,
425,habla,19,-9, , ,6/20/17,0,ws,20,-9,-9,43,24,425,hand: no Tobii,HABLA48T_18-1_Clips,0.736749168,36,0.267720198,0.736749168, ,685.05,20,332.3809601,685.05, ,ws,-9,-9,-9,-9,-9,none,none,-9,-9,-9,-9,no testing,-9,-9,-9,-9,no testing,425, , , , , , , , , , , , ,
426,habla,15.7,21.7, , ,10/12/17,1,ws,15,-9,-9,5,-9,426,tobii,HABLA48T_18-1_Clips,0.511300859,32,0.38511547,0.511300859, ,1073.3,10,445.8318193,1073.3, ,ws,21,-9,-9,76,31,tobii,HABLA47T_25-1_CLIPS,0.705081805,14,0.287511013,0.705081805, ,1058.5,2,270.8218972,1058.5, ,426, , , , , , , , , , , , ,
427,habla,16.1,22.5, , ,9/13/17,0,ws,16,-9,-9,15,20,427,tobii,HABLA48T_18-1_Clips,0.5991229,15,0.423369698,0.5991229, ,966.5,4,478.7097242,966.5, ,ws,23,-9,-9,86,27,tobii,HABLA47T_25-1_CLIPS,0.615193799,27,0.291044054,0.615193799, ,828.3,10,433.6683449,828.3, ,427, , , , , , , , , , , , ,
431,habla,18.8,25.6, , ,6/23/17,0,ws,18,-9,-9,18,16,431,tobii,HABLA48T_18-1_Clips,0.55619865,17,0.370301264,0.55619865, ,827.8333333,6,462.3459383,827.8333333, ,ws,26,-9,-9,258,49,tobii,HABLA47T_25-1_CLIPS,0.696123689,26,0.177547688,0.696123689, ,721.1818182,11,181.4137912,721.1818182, ,431, , , , , , , , , , , , ,
433,habla,18,24.2, , ,7/26/17,0,ws,18,-9,-9,100,68,433,tobii,HABLA48T_18-1_Clips,0.583681911,27,0.391031061,0.583681911, ,748.3636364,11,409.3048431,748.3636364, ,ws,24,-9,-9,351,77,tobii,HABLA47T_25-1_CLIPS,0.586903652,17,0.208314378,0.586903652, ,886.1666667,6,392.5803952,886.1666667, ,433, , , , , , , , , , , , ,
435,habla,19.2,27.6, , ,6/27/17,0,missing,-9,-9,-9,-9,-9,435,tobii,HABLA48T_18-1_Clips,0.635109297,30,0.372281515,0.635109297, ,885.625,8,349.8509632,885.625, ,ws,29,-9,-9,241,27, , , , , , , , , , , , ,435, , , , , , , , , , , , ,
436,habla,19.7,26.1, , ,6/2/17,0,ws,19,-9,-9,46,33,436,tobii,HABLA48T_18-1_Clips,0.712037141,26,0.352253138,0.712037141, ,650,3,409.2676386,650, ,ws,26,-9,-9,77,13,hand: not enough trials with Tobii,HABLA47T_25-1_CLIPS,0.776765065,11,0.239510834,0.776765065, ,577.6666667,3,234.2996657,577.6666667, ,436, , , , , , , , , , , , ,
439,habla,17.6,23.9, , ,8/2/17,0,ws,17,-9,-9,6,5,439,hand: not enough trials with Tobii,HABLA48T_18-1_Clips,0.480111146,11,0.407383224,0.480111146, ,616.5,2,118.0868325,616.5, ,ws,23,-9,-9,39,12,tobii,HABLA47T_25-1_CLIPS,0.692069782,30,0.237049008,0.692069782, ,855.0769231,13,220.5253053,855.0769231, ,439, , , , , , , , , , , , ,
440,habla,16.3,22.5, , ,9/23/17,1,ws,16,-9,-9,107,70,440,hand: unable to get enough trials,HABLA48T_18-1_Clips,0.694269678,8,0.370726338,-9,low # trials: hand-coding didn't help,-9,-9,-9,-9,no good acc,ws,22,-9,-9,310,75,tobii,HABLA47T_25-1_CLIPS,0.641814726,17,0.297731535,0.641814726, ,1305.666667,3,187.4735537,1305.666667, ,440, , , , , , , , , , , , ,
444,habla,19.6,25.5, , ,6/14/17,1,ws,19,-9,-9,15,7,444,tobii,HABLA48T_18-1_Clips,0.5454539,17,0.272402228,0.5454539, ,672.1666667,6,291.6836757,672.1666667, ,ws,26,-9,-9,14,0,hand,HABLA47T_25-1_CLIPS,0.597296801,25,0.372574917,0.597296801, ,636.7,10,222.0940992,636.7, ,444, , , , , , , , , , , , ,
445,habla,18.5,25.2, , ,7/16/17,0,ws,18,-9,-9,73,58,445,tobii,HABLA48T_18-1_Clips,0.450199866,12,0.354808424,0.450199866, ,820.75,4,504.3955954,820.75, ,ws,25,-9,-9,270,57,tobii,HABLA47T_25-1_CLIPS,0.717147683,17,0.238355051,0.717147683, ,860.2,10,252.4972167,860.2, ,445, , , , , , , , , , , , ,
393,habla,19.5,-9, , ,1/30/18,1,ws,19,-9,-9,85,47,393, , , , , , , , , , , , ,ws,-9,-9,-9,-9,-9,none,none,-9,-9,-9,-9,covid,-9,-9,-9,-9,covid,393, , , , , , , , , , , , ,
451,habla,22.6,-9, , ,11/21/17,1,missing,-9,-9,-9,-9,-9,451, , , , , , , , , , , , ,ws,-9,-9,-9,-9,-9,none,none,-9,-9,-9,-9,covid,-9,-9,-9,-9,covid,451, , , , , , , , , , , , ,
452,habla,-9,-9, , ,1/25/18,1,ws,20,-9,-9,9,0,452, , , , , , , , , , , , ,ws,-9,-9,-9,-9,-9,none,none,-9,-9,-9,-9,covid,-9,-9,-9,-9,covid,452, , , , , , , , , , , , ,
453,habla,19.5,-9, , ,1/23/18,0,missing,-9,-9,-9,-9,-9,453, , , , , , , , , , , , ,ws,-9,-9,-9,-9,-9,none,none,-9,-9,-9,-9,covid,-9,-9,-9,-9,covid,453, , , , , , , , , , , , ,
454,habla,19.6,-9, , ,1/22/18,1,missing,-9,-9,-9,-9,-9,454, , , , , , , , , , , , ,ws,-9,-9,-9,-9,-9,none,none,-9,-9,-9,-9,covid,-9,-9,-9,-9,covid,454, , , , , , , , , , , , ,
455,habla,19.7,-9, , ,1/26/18,0,missing,-9,-9,-9,-9,-9,455, , , , , , , , , , , , ,ws,-9,-9,-9,-9,-9,none,none,-9,-9,-9,-9,covid,-9,-9,-9,-9,covid,455, , , , , , , , , , , , ,
457,habla,20.2,-9, , ,1/8/18,0,missing,-9,-9,-9,-9,-9,457, , , , , , , , , , , , ,ws,-9,-9,-9,-9,-9,none,none,-9,-9,-9,-9,covid,-9,-9,-9,-9,covid,457, , , , , , , , , , , , ,
459,habla,16.7,22.4, , ,4/24/18,1,ws,17,-9,-9,74,55,459, , , , , , , , , , , , ,ws,22,-9,-9,203,58, , , , , , , , , , , , ,459, , , , , , , , , , , , ,
460,habla,19.8,-9, , ,1/27/18,0,ws,19,-9,-9,21,15,460, , , , , , , , , , , , ,ws,-9,-9,-9,-9,-9,none,none,-9,-9,-9,-9,covid,-9,-9,-9,-9,covid,460, , , , , , , , , , , , ,
461,habla,17.4,-9, , ,4/19/18,0,ws,17,-9,-9,47,52,461, , , , , , , , , , , , ,ws,-9,-9,-9,-9,-9,none,none,-9,-9,-9,-9,covid,-9,-9,-9,-9,covid,461, , , , , , , , , , , , ,
462,habla,17.3,22.7, , ,4/17/18,1,ws,17,-9,-9,11,8,462, , , , , , , , , , , , ,ws,23,-9,-9,53,12, , , , , , , , , , , , ,462, , , , , , , , , , , , ,
463,habla,-9,-9, , ,3/20/18,1,missing,-9,-9,-9,-9,-9,463, , , , , , , , , , , , ,ws,-9,-9,-9,-9,-9,none,none,-9,-9,-9,-9,covid,-9,-9,-9,-9,covid,463, , , , , , , , , , , , ,
464,habla,19.4,-9, , ,1/31/18,1,ws,19,-9,-9,32,20,464, , , , , , , , , , , , ,ws,-9,-9,-9,-9,-9,none,none,-9,-9,-9,-9,covid,-9,-9,-9,-9,covid,464, , , , , , , , , , , , ,
465,habla,17.9,-9, , ,3/28/18,1,ws,17,-9,-9,46,40,465, , , , , , , , , , , , ,ws,-9,-9,-9,-9,-9,none,none,-9,-9,-9,-9,covid,-9,-9,-9,-9,covid,465, , , , , , , , , , , , ,
470,habla,17.1,22.2, , ,4/28/18,0,ws,17,-9,-9,61,60,470, , , , , , , , , , , , ,ws,22,-9,-9,119,47, , , , , , , , , , , , ,470, , , , , , , , , , , , ,
471,habla,14,-9, , ,7/25/18,0,wg,14,38,15,55,50,471, , , , , , , , , , , , ,ws,-9,-9,-9,-9,-9,none,none,-9,-9,-9,-9,covid,-9,-9,-9,-9,covid,471, , , , , , , , , , , , ,
474,habla,18.9,-9, , ,3/6/18,1,ws,19,-9,-9,22,11,474, , , , , , , , , , , , ,ws,-9,-9,-9,-9,-9,none,none,-9,-9,-9,-9,covid,-9,-9,-9,-9,covid,474, , , , , , , , , , , , ,
475,habla,19.3,-9, , ,2/20/18,0,ws,19,-9,-9,147,73,475, , , , , , , , , , , , ,ws,-9,-9,-9,-9,-9,none,none,-9,-9,-9,-9,covid,-9,-9,-9,-9,covid,475, , , , , , , , , , , , ,
476,habla,22.7,-9, , ,11/11/17,1,ws,22,-9,-9,7,0,476, , , , , , , , , , , , ,ws,-9,-9,-9,-9,-9,none,none,-9,-9,-9,-9,covid,-9,-9,-9,-9,covid,476, , , , , , , , , , , , ,
477,habla,18.8,23.7, , ,3/13/18,0,ws,19,-9,-9,20,15,477, , , , , , , , , , , , ,ws,24,-9,-9,71,18, , , , , , , , , , , , ,477, , , , , , , , , , , , ,
472,habla,-9,-9, , ,1/7/18,0,ws,24,-9,-9,36,6,472,none,none,-9,-9,-9,-9,no testing,-9,-9,-9,-9,no testing,ws,-9,-9,-9,-9,-9,none,none,-9,-9,-9,-9,no testing,-9,-9,-9,-9,no testing,472, , , , , , , , , , , , ,
502,habla,-9,-9, , ,7/15/18,0,missing,-9,-9,-9,-9,-9,502,none,none,-9,-9,-9,-9,no testing,-9,-9,-9,-9,no testing,ws,-9,-9,-9,-9,-9,none,none,-9,-9,-9,-9,no testing,-9,-9,-9,-9,no testing,502, , , , , , , , , , , , ,
504,habla,-9,-9, , ,5/26/18,1,missing,-9,-9,-9,-9,-9,504,none,none,-9,-9,-9,-9,no testing,-9,-9,-9,-9,no testing,ws,-9,-9,-9,-9,-9,none,none,-9,-9,-9,-9,no testing,-9,-9,-9,-9,no testing,504, , , , , , , , , , , , ,
506,habla,-9,-9, , ,1/22/18,0,ws,24,-9,-9,221,45,506,none,none,-9,-9,-9,-9,no testing,-9,-9,-9,-9,no testing,ws,-9,-9,-9,-9,-9,none,none,-9,-9,-9,-9,no testing,-9,-9,-9,-9,no testing,506, , , , , , , , , , , , ,
515,habla,-9,-9, , ,4/27/18,1,ws,20,-9,-9,100,46,515,none,none,-9,-9,-9,-9,no testing,-9,-9,-9,-9,no testing,ws,-9,-9,-9,-9,-9,none,none,-9,-9,-9,-9,no testing,-9,-9,-9,-9,no testing,515, , , , , , , , , , , , ,
516,habla,-9,-9, , , ,1,missing,-9,-9,-9,-9,-9,516,none,none,-9,-9,-9,-9,no testing,-9,-9,-9,-9,no testing,ws,-9,-9,-9,-9,-9,none,none,-9,-9,-9,-9,no testing,-9,-9,-9,-9,no testing,516, , , , , , , , , , , , ,
520,habla,-9,-9, , ,9/12/18,0,missing,-9,-9,-9,-9,-9,520,none,none,-9,-9,-9,-9,no testing,-9,-9,-9,-9,no testing,ws,-9,-9,-9,-9,-9,none,none,-9,-9,-9,-9,no testing,-9,-9,-9,-9,no testing,520, , , , , , , , , , , , ,
524,habla,-9,-9, , ,6/18/18,0,ws,20,-9,-9,26,15,524,none,none,-9,-9,-9,-9,no testing,-9,-9,-9,-9,no testing,ws,-9,-9,-9,-9,-9,none,none,-9,-9,-9,-9,no testing,-9,-9,-9,-9,no testing,524, , , , , , , , , , , , ,
529,habla,-9,-9, , ,9/19/18,0,ws,17,-9,-9,12,10,529,none,none,-9,-9,-9,-9,no testing,-9,-9,-9,-9,no testing,ws,-9,-9,-9,-9,-9,none,none,-9,-9,-9,-9,no testing,-9,-9,-9,-9,no testing,529, , , , , , , , , , , , ,
469,habla,18.5,-9, , ,7/11/18,1,ws,18,-9,-9,15,9,469, , , , , , , , , , , , ,ws,-9,-9,-9,-9,-9,none,none,-9,-9,-9,-9,covid,-9,-9,-9,-9,covid,469, , , , , , , , , , , , ,
478,habla,23.8,-9, , ,2/12/18,1,ws,24,-9,-9,100,21,478, , , , , , , , , , , , ,ws,-9,-9,-9,-9,-9,none,none,-9,-9,-9,-9,covid,-9,-9,-9,-9,covid,478, , , , , , , , , , , , ,
481,habla,22.2,-9, , ,3/19/18,1,ws,22,-9,-9,279,70,481, , , , , , , , , , , , ,ws,-9,-9,-9,-9,-9,none,none,-9,-9,-9,-9,covid,-9,-9,-9,-9,covid,481, , , , , , , , , , , , ,
485,habla,21.7,-9, , ,3/25/18,1,ws,21,-9,-9,37,13,485, , , , , , , , , , , , ,ws,-9,-9,-9,-9,-9,none,none,-9,-9,-9,-9,covid,-9,-9,-9,-9,covid,485, , , , , , , , , , , , ,
486,habla,-9,-9, , ,5/20/18,1,missing,-9,-9,-9,-9,-9,486, , , , , , , , , , , , ,ws,-9,-9,-9,-9,-9,none,none,-9,-9,-9,-9,covid,-9,-9,-9,-9,covid,486, , , , , , , , , , , , ,
488,habla,19.7,-9, , ,5/24/18,0,ws,19,-9,-9,117,67,488, , , , , , , , , , , , ,ws,-9,-9,-9,-9,-9,none,none,-9,-9,-9,-9,covid,-9,-9,-9,-9,covid,488, , , , , , , , , , , , ,
492,habla,18.8,-9, , ,6/24/18,0,missing,-9,-9,-9,-9,-9,492, , , , , , , , , , , , ,ws,-9,-9,-9,-9,-9,none,none,-9,-9,-9,-9,covid,-9,-9,-9,-9,covid,492, , , , , , , , , , , , ,
497,habla,17.8,-9, , ,7/24/18,0,ws,18,-9,-9,29,25,497, , , , , , , , , , , , ,ws,-9,-9,-9,-9,-9,none,none,-9,-9,-9,-9,covid,-9,-9,-9,-9,covid,497, , , , , , , , , , , , ,
499,habla,18.2,-9, , ,7/15/18,1,ws,18,-9,-9,98,58,499, , , , , , , , , , , , ,ws,-9,-9,-9,-9,-9,none,none,-9,-9,-9,-9,covid,-9,-9,-9,-9,covid,499, , , , , , , , , , , , ,
500,habla,21.1,-9, , ,5/2/18,0,ws,21,-9,-9,7,0,500, , , , , , , , , , , , ,ws,-9,-9,-9,-9,-9,none,none,-9,-9,-9,-9,covid,-9,-9,-9,-9,covid,500, , , , , , , , , , , , ,
501,habla,18.1,-9, , ,8/2/18,0,ws,18,-9,-9,19,17,501, , , , , , , , , , , , ,ws,-9,-9,-9,-9,-9,none,none,-9,-9,-9,-9,covid,-9,-9,-9,-9,covid,501, , , , , , , , , , , , ,
503,habla,17.8,-9, , ,7/20/18,0,ws,18,-9,-9,13,11,503, , , , , , , , , , , , ,ws,-9,-9,-9,-9,-9,none,none,-9,-9,-9,-9,covid,-9,-9,-9,-9,covid,503, , , , , , , , , , , , ,
511,habla,17.2,-9, , ,8/20/18,0,ws,17,-9,-9,55,55,511, , , , , , , , , , , , ,ws,-9,-9,-9,-9,-9,none,none,-9,-9,-9,-9,covid,-9,-9,-9,-9,covid,511, , , , , , , , , , , , ,
512,habla,17.3,-9, , ,8/13/18,1,ws,17,-9,-9,51,43,512, , , , , , , , , , , , ,ws,-9,-9,-9,-9,-9,none,none,-9,-9,-9,-9,covid,-9,-9,-9,-9,covid,512, , , , , , , , , , , , ,
513,habla,19.5,-9, , ,6/7/18,0,ws,19,-9,-9,8,0,513, , , , , , , , , , , , ,ws,-9,-9,-9,-9,-9,none,none,-9,-9,-9,-9,covid,-9,-9,-9,-9,covid,513, , , , , , , , , , , , ,
522,habla,-9,-9, , ,8/3/18,1,missing,-9,-9,-9,-9,-9,522, , , , , , , , , , , , ,ws,-9,-9,-9,-9,-9,none,none,-9,-9,-9,-9,covid,-9,-9,-9,-9,covid,522, , , , , , , , , , , , ,
523,habla,20.6,-9, , ,5/6/18,0,ws,20,-9,-9,142,67,523, , , , , , , , , , , , ,ws,-9,-9,-9,-9,-9,none,none,-9,-9,-9,-9,covid,-9,-9,-9,-9,covid,523, , , , , , , , , , , , ,
528,habla,25,-9, , ,12/27/17,0,ws,25,-9,-9,37,8,528, , , , , , , , , , , , ,ws,-9,-9,-9,-9,-9,none,none,-9,-9,-9,-9,covid,-9,-9,-9,-9,covid,528, , , , , , , , , , , , ,